unique_key,taxi_id,trip_start_timestamp,trip_end_timestamp,trip_seconds,trip_miles,pickup_census_tract,dropoff_census_tract,pickup_community_area,dropoff_community_area,fare,tips,tolls,extras,trip_total,payment_type,company,pickup_latitude,pickup_longitude,pickup_location,dropoff_latitude,dropoff_longitude,dropoff_location
b99416692f5bc01cdb444cbcec7e1105d30d455d,8dd990653cc2793d96b80ae45e928afc9a590b21b491eea3f522f42a72a5d323e79997fb7b2aab3486de73e89a4c9ae8e8cc377056b9b0d3de37ab822ce2cf33,5/29/2019 18:00:00,5/29/2019 18:30:00,1500,1.5,,,,,12.25,0.11,0,0,12.36,Credit Card,KOAM Taxi Association,,,,,,
b99887012c8beccc1dae3f6fcde2fc94ff0ef7b1,d156d4adff01addd62b65753ce67dc8e04bdaf60f7eb14a4a557f54062e2fc83ca1ebe1bf2cd9eb7aac4a12707cb5aa3e915d9fe1e729dfb5fa5657659e11eab,5/20/2019 19:15:00,5/20/2019 19:30:00,506,1.67,,,,,8,2,0,0,10.5,Credit Card,Chicago Carriage Cab Corp,,,,,,
b98b6b7afe1f8065d8ba71cd023d9a13f2460f84,beefd3462e3f5a8e854942a2796876f6db73ebbd25b43565ff4f3567ffd38428184fca347f76652a94a43a51e17d912650fea5b5e9be1e30cdde798ee93168d7,5/8/2019 0:00:00,5/8/2019 0:00:00,60,0,,,,,3.25,0,0,0,3.25,Cash,Taxi Affiliation Services,,,,,,
b9865af3673441b1a79973ad08bd9909bd422af4,ef249ea2c31ccb20ce9eb258d3116254a6f9fe05c7cc84c055207c5280324dfad3299739b719d7241794eef9c950da3dee20513774182b30f6c7fcc6d4e7fc1e,5/7/2019 16:30:00,5/7/2019 17:00:00,1122,2.86,,,,,12.25,0,0,1,13.25,Cash,Taxi Affiliation Service Yellow,,,,,,
e04dbd9a8ba723cc785c4b0398106b72e16d7870,45002471b85d61e62cf602a15145d2bff912e080f50470f83557cd990c60e7f530d3ff9982e08639c4a3a84bc898120032ed1a771bb8aa8a5d3b5fdd31bb3133,5/16/2013 8:15:00,5/16/2013 8:15:00,,0,,,,,24.05,6.01,0,0,30.06,Credit Card,Chicago Elite Cab Corp.,,,,,,
b997997e971c079dd0986102def2de49e879efe5,fa0a84435b292833f8429400e94600f4b71dd17cafbaf54e7ee337a28fb45cf758d7a69276efdd283eca0c39c4aca6dafed346b7518f82db275624aa3b128b4a,5/24/2019 13:15:00,5/24/2019 13:15:00,240,1.4,,,,,5.2,0,0,0,5.2,Cash,Taxi Affiliation Services,,,,,,
b989b45f0f49b64a8cc59f85aa2b49604286755d,8423aff4ae55153cc18d090c35b73b5cb6376b828d836df8886249451810d8a4b4acfa0f02861c0042317ce2eec824fff308bab887c9adc461e38286a8d0ad78,5/8/2019 9:45:00,5/8/2019 9:45:00,473,0.85,,,,,6.5,3,0,0,10,Credit Card,Taxi Affiliation Service Yellow,,,,,,
b9929c08951468b8199c0804456e11ad988c5792,9b2a23587b25fe43998076b3761b979ee91f9f5ac8bdac6422a1dff1b5d7a7def279cc2e4d805b60738c43dc4a7afdfd3c64d2cc9029a126f05e11f0195dd2ec,5/24/2019 5:45:00,5/24/2019 6:30:00,2518,17.89,,,,,44,8.9,0,0,53.4,Credit Card,Taxi Affiliation Service Yellow,,,,,,
b987f48069fbdffcdbb9cfcc24f67d7814a03645,54044c4ce47d539663e1520272de87e38a14d38ca23a666360031dadffe5fb5b8be396c3219a60f4b5325d461a8bb9c1202e3aedb1b1b77dfbfcdb68dd8c144e,5/1/2019 19:00:00,5/1/2019 20:00:00,2880,18,,,,,45.75,12.65,0,5,63.4,Credit Card,"Taxicab Insurance Agency, LLC",,,,,,
b9958c55b8d387cf335e4bb7703aeca2592fb847,b75e4a5f5666b60eec9f1446230f23270002318dd86ff0d2e0969afddc155fcd5bf394f221e4954373376133f389c74317f7887cbad925effd10a4c722654607,5/7/2019 18:00:00,5/7/2019 18:00:00,540,2.1,,,,,7.25,1.5,0,0,8.75,Credit Card,Star North Management LLC,,,,,,
b98db59faf6d2817996bfd570293905569b2d6df,0df3999a110a1db089a25ce39a6e8ed1ed84aaac51cc62b235207cc0c1eefc1aa30f1cd32ee1afa8df3fc5d1955d3d44ab30fcbaf2f4be7c3ce8cbf86c6b2bd0,5/28/2019 17:15:00,5/28/2019 18:15:00,3643,17.41,,,,,44.75,7.39,0,4,56.64,Credit Card,5 Star Taxi,,,,,,
b987f83bfac967768d652b23b2ad4241dbf6f393,5d853881bf4f0ce73fc83652879af526b3cbe52d02c00898e01ccd026326725a9ad29b746b039ccf3210466409cea4dc93850ecd168db56341a920aa49840daa,5/19/2019 17:45:00,5/19/2019 18:15:00,1452,12.18,,,,,32.75,7.65,0,5,45.9,Credit Card,Chicago Carriage Cab Corp,,,,,,
b989ddd487cb72017f2cb90e27b51934137b3405,746d6a7a44c2d97606216ff513d227443a5fa5cc72b747ffa30756c6aced956f9fedcca236b4d788c982c886889947f35cef4943d948045f8f91aa7f1b176283,5/2/2019 14:15:00,5/2/2019 14:30:00,547,1.4,,,,,8.25,1,0,0,9.75,Credit Card,Checker Taxi Affiliation,,,,,,
b9add5cbe221484e03e021e4120aca4cd59ea137,25d14a6b429ecc54f2b698138ad74b351829a70fdff7887ba12ecf5597880f9c7aa6b097306b088316356779cf11b0a1533ee4c74e1024ec96aa338bf7bfa3f0,5/22/2019 17:30:00,5/22/2019 18:15:00,2977,4.72,,,,,24,5.3,0,2,31.8,Credit Card,Sun Taxi,,,,,,
b99d19ad1b5b3073f4497c340d305ddbc62f46d4,64401dc5345467a51c0a64179a986d8331edb4592b2045cbb32d60aecc92fcc996f2d8c8a117cb2fca7286cf0306527335d3e2c2ed087fa97c0d0975bb650d73,5/19/2019 18:15:00,5/19/2019 18:15:00,0,0,,,,,45,0,0,0,45,Credit Card,Suburban Dispatch LLC,,,,,,
b9a9a919bc5b73eeb1a2a555d2378a914c1a7917,67cdd41437563bed53a4348a0a050d03bfb80df4cc25191b2408f6adcc9050322dad5f6076499235ff29110159df1b024ee0afaaf3ace3dc9af1fac4a1d368ea,5/3/2019 17:00:00,5/3/2019 17:00:00,180,0.5,,,,,4.5,1,0,0,5.5,Credit Card,Top Cab Affiliation,,,,,,
355a1f57006cb193c8ff9b8bb010703b298b98f7,7453b5f8328429cb01acf4713de778e2b887b96115c6751e4cdf2f5454e196ec2b822da8ab900db72ce70f3f77f7d5622cd971d13fc279e2b8acb9a05a4f0cd1,5/12/2013 21:15:00,5/12/2013 21:15:00,,0,,,,,37.25,7.45,0,0,44.7,Credit Card,Chicago Elite Cab Corp.,,,,,,
b9a715efb1cf8a3b539160708a1e213ce1b9f9af,a112879f10892d5c698ce150af17aa28615b6d005ca74925c27278f3137678ac7cfec9bab7ff4877f5e9d50b11e9cd30134bfd0edcc03af68a7ba710b97034c6,5/10/2019 18:00:00,5/10/2019 18:15:00,1080,2.8,,,,,12.5,2,0,0,14.5,Credit Card,KOAM Taxi Association,,,,,,
b99dac71abd5e891583c1a3eab96570a86965c05,1ae0a4f0f53872375a85e2d525c1eb17edec472fb91fca69ea58afbb651d6761cc1d322e88a991b02a9baad7412ca5a878e9dfe1a87d2244fb0586f533434662,5/8/2019 11:15:00,5/8/2019 11:45:00,1214,12.21,,,,,51.1,12.9,0,0,64.5,Credit Card,Flash Cab,,,,,,
b9af6dbe0caa23c0b171d7c47d6139b90a270927,b6a410ed12c91dceb1a408bbefbdfb46823085c6fd190714454ddc11792deb429142e5f28cc135805bb1fba18130778fd4487c2c350b2bd7f405f9041a2ee832,5/15/2019 19:15:00,5/15/2019 19:30:00,1320,3.1,,,,,13.5,3.5,0,0,17,Credit Card,Choice Taxi Association,,,,,,
b9a7a76dd9ed3274c46fffa4bfee2c148a79cafc,28ac0194e9142ad4623904b5724b4ca706200257616e6140f1a7c33266b484b1fecbae4ea46f0f36a69cd91ef201b865a2b07577b3e51007c86b689bfc07a459,5/23/2019 17:45:00,5/23/2019 17:45:00,120,0.7,,,,,4.5,2,0,0,6.5,Credit Card,Star North Management LLC,,,,,,
b9ac07a028f371479eeb8b3cb0070fefc6ace3f1,22548e10dab3e149f756cb9283d6314073c0166532b8595071c6be35fa85cd200848eb97ec2c397cdb946f80bc585498c3d59296c993cdb5c754d6da87826a02,5/8/2019 12:15:00,5/8/2019 12:15:00,240,0.8,,,,,5.25,2,0,0,7.25,Credit Card,Choice Taxi Association,,,,,,
b99cd6ca1bb73117e5ed0aa9374bdbc746b451ab,7cf0f8fb498ea690cb01cd0b0a67b48b518441a492b024fc8d87c2890b7e2c1c13e2fd4c5fe5952a2a90d47aca7f48013d6a0678308a5e537efa0dc326c3d40b,5/14/2019 15:00:00,5/14/2019 15:45:00,2950,16.79,,,,,45.25,9.95,0,4,59.7,Credit Card,Flash Cab,,,,,,
b9af414b81b7ad69e8ff347958ffad6f217e27d5,8195103b539d970548a1674c838870eaca8e1237aca990d5cb1f33ccc54d39d7b3b1376c1e378d6ed5d1101397f407f7429184ef816df953907805cfdc867467,5/21/2019 17:45:00,5/21/2019 18:45:00,3356,11.53,,,,,34.5,5.85,0,4,44.85,Credit Card,Flash Cab,,,,,,
b9a73d4bd2c6d20c47d81120f382909bd79577f2,45bd8de07cb28a2d16874f8ba527f094fe8b68dceb5f59f83792ddd52900096798c5e73d5cf00a7b13ee591d0d58bd6d34233b611875db79e85e323350f413a1,5/29/2019 13:15:00,5/29/2019 13:45:00,1680,0,,,,,41.75,8,0,4,53.75,Credit Card,Choice Taxi Association,,,,,,
b9a606e93b0d48647d9b86dc38e3540ae128c4bc,fbe70822b59478f9318a6e3fd5e3a227f42f58927a5eac48127c7cc229e2cca4e50f1f55c4e70c4635e954def19b078deac56f2b8459888df982f6f63d28ea88,5/30/2019 13:45:00,5/30/2019 13:45:00,0,0,,,,,50,10,0,0,60,Credit Card,Suburban Dispatch LLC,,,,,,
b99f016af556db59faf68c6ff07bfe1f7977638c,e4c9b1777eb6819da4ec3e6c2cc59e672cfd16ec786c92bc452fc08a55b55eb00b5683f6fd8f85785fc00fdae019c1d94eeabe3075ae46e57af0b2c8ec694884,5/31/2019 8:00:00,5/31/2019 8:00:00,660,2.5,,,,,10,2,0,0,12,Credit Card,Star North Management LLC,,,,,,
b9a9fcceb9030e50d4c7e2c803d3a6677e2b3fe2,a397d9b799309abf3cf634e0f7b3f8a647e4af6bcc11da250b48b5816dcbded0d42f725ee47cf2940e77c41004598390a74620692073fb780f12cc551c382681,5/5/2019 15:15:00,5/5/2019 15:15:00,60,0,,,,,98,0,0,0,98,Credit Card,Taxi Affiliation Services,,,,,,
b9a3f8355322c7c75fafb10ce214b3e128f6a2e5,eb99fd375a6c7898d600b04607ada8bd1fa45c73bed714809c127a741dec4b657d0b69bf09b1248d5ba34cf87ed0347ce0939d2bf0af30e5a4786c141cb150f7,5/18/2019 13:15:00,5/18/2019 13:30:00,420,1.8,,,,,6.2,0,0,4,10.2,Cash,Taxi Affiliation Services,,,,,,
b9aeea1c3704b1c4943a02864431ee28780e3335,d8852c04d06413e43c4d2329da6db71bdc5b41176d56dd0f6b13fffd77a46e8f74f169045bd14acc2f518e4aae3b32ede2dc0b14a6ed3ba268c850414319d35a,5/11/2019 7:00:00,5/11/2019 7:00:00,216,1.07,,,,,5.75,0,0,0,5.75,Cash,Chicago Carriage Cab Corp,,,,,,
b99f06497132477743a8a925110e08bcf6f7a7ae,693cedd88daba67f64a5d6c8423213fb1b8975085784789075bcc60744b6210e8005c9af3da3ba2aef972095abdc9c956bc63daf5d848252e49936dfb412797e,5/8/2019 18:45:00,5/8/2019 19:15:00,1196,15.42,,,,,38.5,9.45,0,24,72.45,Credit Card,Flash Cab,,,,,,
b9a70ef8dcc2ec4e33ccbe20f1ffe4e46bfe081e,80e91e768cf85470d7c7f2f9a87058f6eeddde89b168bdfa03521f45065a6e9c84de93feae318719ddb5b12a45919e263173a2f876c8108cd0da924d5085d819,5/21/2019 18:30:00,5/21/2019 18:30:00,720,1.4,,,,,8.5,0,0,0,8.5,Cash,Medallion Leasin,,,,,,
b9ac12337c55bc7f1b3f110316d1fbb510f6dba2,eb90f81f654da93bd54bcf214a8ba1b5ef89b900fad337c59db4072a0f6a425cc428b1c38a9b5e22523831753f80784ab455cc2d358843431e2c4b889d0d32c2,5/9/2019 15:30:00,5/9/2019 15:30:00,0,0,17031824505,17031824505,,,2,0,0,0,2,Cash,Taxi Affiliation Services,,,,,,
b9a31fb5e66fd7c7f1af08f2bf0010c42196b745,c531f081cad817a366cbae2254ce7a3bb370394b3b0f1399dfc8781333c3565ca188035bbff4d1d7652181b79712c103d01ab168cb6ca2580f2da4b324cb00a5,5/7/2019 16:15:00,5/7/2019 16:45:00,1298,5.14,,,,,17.25,0,0,0,17.25,Cash,Flash Cab,,,,,,
b9a135af542501a0dd4faad2f2701627d0a41792,964d179d99b31a4d39ffe0d00da347d492e916870018ac2085c0da86caa777439c46e9a7b5edc4624cc50e49d98cfffc493f0bdd7327d6be4ef890de7226bf4c,5/1/2019 9:15:00,5/1/2019 9:15:00,370,1,,,,,5.5,0,0,1.5,7,Cash,Checker Taxi Affiliation,,,,,,
b9a6ede47465d59d6ea88eddf310e006427f2eb7,a40c415948e638d0446e18266efb19d5f03447c0c70117bab16a73ef8ea52578e25025a791d4f7ca458eb85a2db520a4a7929d929eae035131af1bf60260ba0a,5/16/2019 14:45:00,5/16/2019 15:00:00,1028,3.56,,,,,12.25,4.19,0,4,20.94,Credit Card,Flash Cab,,,,,,
b9ab939c18d011f69319f0d5e52f1e12a665265e,fd28ab86c23b450b7ee8cdd7ca28d7ecfd34c8874e47e58647e5024daedc1f1b4d95a35c0d66432d98be762c8659a16c932494f0d8a69f827377d9e18fcf87fb,5/15/2019 22:15:00,5/15/2019 22:45:00,1543,12.3,,,,,31.75,9.06,0,4,45.31,Credit Card,Chicago Taxicab,,,,,,
b9aca393226be70f386e21295446f477d448acb6,c4dbfd8b058bf88e0e91e94c1976cbc2841329300bb47dac16908e64f749ee1d6a09f900d4580ddc2d3b0c442dfb43d2e1ba670ae82d493f67d6260a523d7786,5/13/2019 10:00:00,5/13/2019 10:15:00,736,1.2,,,,,8,0,0,0,8,Cash,Blue Diamond,,,,,,
b9aa360acf06fce77688202fbc1005bc2319bcb9,8a7a9d350d752cd6d0d4d8581a0525d3a6e34c8aeb868dbe83b20840b12a68084bc6ba1818b1bccb5b77b1f49252fc1c4ef5ef1f3dd02b5bd83e1742ae004864,5/10/2019 20:00:00,5/10/2019 20:15:00,180,0.7,,,,,5.25,0,0,0,5.25,Cash,Star North Management LLC,,,,,,
b9aeca22355b69dc434ea56abadec0d162079869,777f9f3b23bb3b0b55dab4d1adfc13ec1e2d072aca8bef740fb17d55b80606dd9339190d5a00c9765ef15ac4b0ec8522da8f0a818df718d082e7f8467ef11945,5/24/2019 14:00:00,5/24/2019 14:15:00,814,1.3,,,,,9,2,0,1,12.5,Credit Card,City Service,,,,,,
b9a7aee3c46f882da8a6cb664267e85b2d28b236,e582bdc2b107b7199f911e7e6081b3c5ba6e936fe85cef961aa53514b90ff63d88fbb5725e19a9c16957ae421e5983a9860a10b5f15703675a4bae3dac9020e0,5/9/2019 14:30:00,5/9/2019 15:15:00,2820,18.4,,,,,46.5,0,0,0,46.5,Cash,Top Cab Affiliation,,,,,,
b9bc9a51103a42acbcdb79a2088f9d71d11a71f2,5339c272e8a85babf1e53c2ab4689a3225f1d8128d7c60de5da70e1a20c6cf193b1c5ea2d4d3ac881d0ea260b8154583cbb65586198e45968cc304290fb66dd5,5/17/2019 8:30:00,5/17/2019 9:30:00,3540,17.6,,,,,46.25,8,0,4.5,58.75,Credit Card,Star North Management LLC,,,,,,
b9c29eb7452d5efb0a13833fb7331201d591279e,8f03724d05d5815d0a51f3186e5d1f3492f268ccc42dcaca0f8f23267fab98ec77aeee50940b5c605e479dbfe2fd8a7cc5f87c4aa26f3c2f46ed15a3ae5a1976,5/15/2019 20:45:00,5/15/2019 20:45:00,0,0,,,,,35,7,0,0,42,Credit Card,Suburban Dispatch LLC,,,,,,
b9b703e8fcd2ac97ca23f632d117d14748933129,2c3d2f8abbb58639c976276b8ed08d10f3b45c7fc85c4a357252d3f83af0c6baa23d5de63911bcc0dce0a25331b9026ebb28049588390a0b82912e50d60d4744,5/10/2019 10:45:00,5/10/2019 10:45:00,0,0,,,,,2,0,0,0,2,Cash,Taxi Affiliation Services,,,,,,
b9bf89c8a2f09d4150459280f9896e9eb55208b9,c0910b0d86dc225791e3a4eaf41b3dd05ccc3855ce6a41232edc63e09634814c14b2351c981912f5f065c8436c190dd3fb2fe1768ed417c15ac654bbc80a32db,5/6/2019 17:15:00,5/6/2019 17:15:00,0,0,,,,,111.5,0,0,0,111.5,Credit Card,Top Cab Affiliation,,,,,,
b9b8ad8d8ea0fc03613e83c35f1b65aebbcc125e,5985b42dd0cbd4492cd51df71c1fd5dbed60edb96d589b7523ef35dc77c6c71f44a49c6f496ac294a51ca6584790e4ee608578553b82960ccb6de65f7bbb2bd6,5/26/2019 8:15:00,5/26/2019 8:30:00,52,0.72,,,,,5,1,0,0,6.5,Credit Card,Flash Cab,,,,,,
b9b9aa1bc65ed1b0f0cd3a06d36e71c43894738f,8ac81cfa2ee2c29b19f8fa21ed92b908d46bedc9d4055cc7a0fdb96adcc45d97855d9d1ffea12f3278749087e96b78ebb22908f8c1bdd50995f2990942e0a4cb,5/8/2019 15:15:00,5/8/2019 15:15:00,299,0.4,,,,,4.75,0,0,0,4.75,Cash,City Service,,,,,,
b9b90b90e93bb4bce6ad5e8a12815d6398be4be8,63a62e6df555fe8df83bbdfd208da64d6feb94eb414e07149cd04f272545f091d01f3912a676d8374d8d11ee27d6a449e998b9dd90e7e4f8caf11c1cea87c641,5/14/2019 19:00:00,5/14/2019 19:15:00,423,0.88,,,,,6.25,0,0,1.5,7.75,Cash,Flash Cab,,,,,,
b9af9ff2ac2af4832a21fee0b7e9393f362d4867,257aa707087ab0b5072e2bdccb42a50f3314fed83d290708b388b0fca8b777d8821486eaca6645a4469bdeca8e0cbeea8159a0e1ed29aecd16edef318521a97b,5/28/2019 21:00:00,5/28/2019 21:30:00,1500,17.9,,,,,44,9.7,0,4,57.7,Credit Card,Top Cab Affiliation,,,,,,
b9c371fb739c2bc8eabb683bce699b9d4639321c,d41ab2be597b82c3e6b0b0ecccf98883a84db0d9aed4f608871f0a2f09afc8af1cc61f2e1963dd196acc8721bb0db15343542f2364a52f6f4a7066c6f97af225,5/8/2019 10:45:00,5/8/2019 11:15:00,1560,0,,,,,47.75,15.45,0,29.5,92.7,Credit Card,Choice Taxi Association,,,,,,
b9bb3ea367f63fae87e7ed95b570a71996b90047,5cee8ec7dd48dd171270a4f56ac537aa955fb0404ea5ad8533814b95885a3afe8936e3eaa6acaf9a1360049b4f69c6e454c65f9eed13c53b98f43203cfad9298,5/9/2019 14:45:00,5/9/2019 14:45:00,0,0,,,,,2,0,0,0,2,Cash,Taxi Affiliation Services,,,,,,
b9b9b9b82645abc093ec8b84e5b4e5a52f60ead9,692320c13d5f7819864fb57797a53cd467452176b95411b54715acf8af840d610799129383a0c79c80b59187f8a02c67b6c3c6fb57eaa6374b16a333cacad503,5/14/2019 11:00:00,5/14/2019 11:15:00,720,1.28,,,,,8.25,0,0,0,8.75,Credit Card,Nova Taxi Affiliation Llc,,,,,,
b9c4261c0d0d81f413f411e8f78964d0e0b04090,f9aee16b2de2973e98d52db66fb4a63a8dfd859ac95f9a5fa3dc2c2af2b8b4102d6b886a9115509152a8fa875eeea7f4faf1814323ee61c49974209d31404a65,5/14/2019 18:30:00,5/14/2019 19:15:00,2864,17.5,,,,,44.5,7.35,0,4,56.35,Credit Card,Blue Diamond,,,,,,
b9b202737fa4e3815e53841f1ea4d3c9ca28e3d4,606c0afda95a807ccd4e9fbc33dd6705bc10cdb402ce013392c9c7d2adf1f566bba0ef5b31f0518f593edc179c642b98dea146592d43f4d15475156072792d8a,5/20/2019 1:00:00,5/20/2019 1:00:00,180,0.6,,,,,4.75,0,0,1,5.75,Cash,Choice Taxi Association,,,,,,
b9b42898cb037a3b75bdf71ebc74c9788e621e02,746d6a7a44c2d97606216ff513d227443a5fa5cc72b747ffa30756c6aced956f9fedcca236b4d788c982c886889947f35cef4943d948045f8f91aa7f1b176283,5/16/2019 14:45:00,5/16/2019 15:00:00,1156,9.2,,,,,59.25,12.95,0,5,77.7,Credit Card,Checker Taxi Affiliation,,,,,,
b9b8e12e31968fbe644d27d9c72291cc9cd0cd1a,2b96ddd6669548a38003cfad8f3e5373280257662377cb390d59c3c6ffb511cab874317a6097aa11cce1527b0e41f1c1a848c2553099a0e3e1e98c0787abb137,5/16/2019 19:30:00,5/16/2019 19:45:00,540,0.9,,,,,6.75,2.5,0,0,9.25,Credit Card,Choice Taxi Association,,,,,,
b9b3ff7e422f8a98521ebb2645cabe06ca3434c9,f9ccea6ec8d61adb4b8ee9c07f51c1e5b1cd8d023d05329a305d62c6c50c867355487567bf97124e31265274f094311bf23321e3b85833bc06b132914c6bed06,5/4/2019 15:30:00,5/4/2019 15:30:00,398,1.22,,,,,6.5,0,0,1,7.5,Cash,Flash Cab,,,,,,
b9b7ed264201f03b7f4177923d9cfefc0e2b3982,ba48aac1be874e3212623beb83b4538c5567a8676f2cf3febcad6b2ed443e55a2fa46b640d51c099a1ca0d899b36faf0817a5c0664ffda16d516f1b92909353f,5/9/2019 21:00:00,5/9/2019 21:00:00,300,0.7,,,,,5.75,2,0,1,8.75,Credit Card,6574 - Babylon Express Inc.,,,,,,
b9b075fd85c3cad715f1cda5280ac54c4c71aebb,949b2b62a50681d3d1b5b44d94ee42384a57fd625d30d05e3e42493991598f758c7800cb232fed81cb5f9e21fe3cdd569dd886bc8c75c0df492b681e9cb0d1b3,5/9/2019 13:45:00,5/9/2019 13:45:00,240,1.2,,,,,6,2,0,0,8,Credit Card,"Taxicab Insurance Agency, LLC",,,,,,
b9ba1f29ee1eeb68530ecc8152983f825e60e9ba,2cb7deb7674470467d31b1bba4657ab1c44c1feebf6274b33df432e9d900e5fbbd18eeb2b06748d7e1400d895eadabc128b58d470330cb889999b656004f8a9e,5/7/2019 17:45:00,5/7/2019 18:00:00,228,0.3,,,,,4.25,0,0,0,4.25,Cash,City Service,,,,,,
b9bd6418a0724a37d6005bdd5c697e62ab952b65,1f3593421771a4a6cc906137e5d3221ed2ab7bef3c2bfafac40e118608c40ab896c9198806a7af32b087cf6ddb1df8d668252929e569e3fe983d2d1d4ab5d7cf,5/24/2019 7:45:00,5/24/2019 8:00:00,300,0.8,,,,,5.75,0,0,0,5.75,Cash,"Taxicab Insurance Agency, LLC",,,,,,
b9b5bcb7fd53f0a12b0a607d941ece6284a5735e,d8852c04d06413e43c4d2329da6db71bdc5b41176d56dd0f6b13fffd77a46e8f74f169045bd14acc2f518e4aae3b32ede2dc0b14a6ed3ba268c850414319d35a,5/2/2019 11:45:00,5/2/2019 11:45:00,445,0.81,,,,,6.25,2,0,1.5,10.25,Credit Card,Chicago Carriage Cab Corp,,,,,,
b9b81279e8c60a717ff1d950bbcfa49ff3cde59e,3a9b3a469a10f36ddefefc31b6929bbd53fc72bd2228dee053966fc882aa8d64c3daadab32c67be5683cf0a3511ef9a05d6825ce3b38c8d113293fda0bc9ecce,5/24/2019 16:00:00,5/24/2019 16:00:00,360,1,,,,,6.25,2,0,0,8.25,Credit Card,Chicago Independents,,,,,,
b9ba3a81a31f242ec177b5cddecf88e02607318c,d7de5a594d0efed735dbce1fe6b9ae0651df194867e00426b93f70cadd9c00ebb6e0951de8d95cf4a50a32eb302e46f0c092453bcae803baa0a3b1b547979592,5/12/2019 21:15:00,5/12/2019 21:30:00,1260,6.8,,,,,20.5,0,0,0,20.5,Cash,Star North Management LLC,,,,,,
b9c409dc6f9771608e8c2715f773cc98ec1f8ce7,4de82fc17cb23f745931085fbbb3b4f920550cda576979980750b7b4cd8e4b315d327ce76a9e599a4085e7f87b6bcb35b5159a72e90f161e56dea4af76180b5d,5/29/2019 17:30:00,5/29/2019 17:30:00,180,0.4,,,,,4.5,0,0,0,4.5,Cash,Star North Management LLC,,,,,,
b9be95f72bc57847d75844bac475ba0a7fa4ca21,d31f81c999a017a3516da0b9a9fd96abf7e4ea8333e94a9524d388b73500763cb08902fb384917a0d5d72ec3d36b97f4e662ac4bd9a0bd457de3042e1fc27694,5/25/2019 17:45:00,5/25/2019 18:00:00,844,1.9,,,,,9.25,2,0,0,11.75,Credit Card,City Service,,,,,,
b9bc9c635e6aa67dae7768ccf650e641cc95979e,897810ef0d64d2a9bd73c7c707459a14646e3e20478e13bc3985a7ae3b14076906876d1c234b6420eaeb82190818e53c7543ee3011ad3af41217d8d49f159672,5/24/2019 11:00:00,5/24/2019 11:00:00,0,0,,,,,3.25,0,0,0,3.25,Cash,Taxi Affiliation Services,,,,,,
b9cc82162db9a73754f56301ce5acd0d1dc5ce65,d744f003d8f56f6a8b53b97c0589575fa9a975e9d12f66b59a3122c36a9c9f16837e9b8227646af13d292471984c2ca5eb8409c75638dd9fe362f7150307d3d4,5/12/2019 14:15:00,5/12/2019 14:15:00,21,0,,,,,3.25,0,0,0,3.25,Cash,Flash Cab,,,,,,
b9cd791f840f431ee660f0ff5103806fe385f848,693cedd88daba67f64a5d6c8423213fb1b8975085784789075bcc60744b6210e8005c9af3da3ba2aef972095abdc9c956bc63daf5d848252e49936dfb412797e,5/20/2019 19:00:00,5/20/2019 19:15:00,844,3.65,,,,,13,0.02,0,1,14.52,Credit Card,Flash Cab,,,,,,
b9d20755630e2e1ddeb3a06c992c6656d071d916,b75e4a5f5666b60eec9f1446230f23270002318dd86ff0d2e0969afddc155fcd5bf394f221e4954373376133f389c74317f7887cbad925effd10a4c722654607,5/14/2019 9:45:00,5/14/2019 9:45:00,480,0.8,,,,,6.25,1,0,0,7.25,Credit Card,Star North Management LLC,,,,,,
b9d19c996a4b79e883beac77bccfd6cb1a8d4c61,71fc920551d68200d0ff75b7e53bf41ba482b1a6075b137c4001dd759c4784aef6b9cfe90017790e7fbaf5b31fb85208a22de2396fd72f40440ed9beedb56e5e,5/4/2019 23:15:00,5/4/2019 23:30:00,480,1.6,,,,,7.5,0,0,1,8.5,Cash,KOAM Taxi Association,,,,,,
b9cc308870c9d31d1dbbbee00e9751285a65affd,883e86111c7bebb7bdd41cbcac8ebbcc1172fe7464b90f70d9895dfdb4d03a42140c940b78bf743cf11fbd2d6f073f9b4856327708edb7e482d9ab2092041523,5/29/2019 8:30:00,5/29/2019 8:30:00,799,1.82,,,,,9.25,0,0,0,9.25,Cash,Flash Cab,,,,,,
b9c83d7763b4a8e07f633d23d69d4946a5d2856c,38da359b5809a1970dce1d6723e217590f4cd1f8e80541b6524f8704089c4f064563caa7779299e50251b9897fc21e0420e628e75ca9f079276f3a98bc27d376,5/10/2019 9:00:00,5/10/2019 9:00:00,360,0.7,,,,,5.75,0,0,0,5.75,Cash,Taxi Affiliation Services,,,,,,
b9d0d4a50b00c6a71bd882f15f3f329a6e84da16,b584da8428a7c2377188bf309714a2b2f37081876bb14e15adc4e28df615b856e857d01f19dc9e38eb53b95c9ababb8e671073e3e6715f6c580fe8e44901729b,5/26/2019 2:45:00,5/26/2019 2:45:00,849,5.52,,,,,16.5,0,0,1.5,18,Cash,Flash Cab,,,,,,
b9c890b3a680846bd817f5195dfe3cd276731a17,01fbd58ba9edb672d7f26b8c367871e49809b05ddc6f31a849c1c6baed7a3845de6c7ed92f468653e65efc209da689eeb607a201d0a39128acbce4f8f3be3a27,5/28/2019 14:00:00,5/28/2019 14:15:00,1440,16.8,,,,,41.75,0,0,29,70.75,Credit Card,Top Cab Affiliation,,,,,,
b9d485ad3213e7cba0abe8fe9d2bf3367d621bef,641c9356c873f4b5fb13d4b2f70d8b4d4b7b2c9805727284f91e0b267d95ef99815b3ecd18ed25b9daedb0ad0ddf0c4173e1d5d0ee99137b184a6f8c062f0b2c,5/11/2019 19:15:00,5/11/2019 19:15:00,0,0,,,,,13,0,0,0,13,Credit Card,Taxi Affiliation Services,,,,,,
b9cd7f402d5c338fb42f446791764749535fff10,e29752f264ca33780c57fec51b15e51dd4dc38c64eb744098d770d8dfc8708f2241ddf46727aa14964d87b8c6e20558861787850176dfe7cad146d2dcff03a2e,5/8/2019 14:45:00,5/8/2019 15:00:00,835,2.28,,,,,10.25,0,0,0,10.25,Prcard,Chicago Carriage Cab Corp,,,,,,
b9d40d5e47464304ed43827734ce5c13ca497f1c,2845f8fe2353cdc20ae1956d27c69e4618a96ad543b8531edaf87e8d793b5bd5295587a106324be7528f1ce980f5c5bb5990a3f50d8a6adc81a17f5b90044f96,5/23/2019 9:00:00,5/23/2019 9:00:00,244,0.6,,,,,4.75,0,0,0,5.25,Credit Card,Chicago Independents,,,,,,
b9cc5cb4f1ed2d63590b55c4407326b2854e5fb6,e2c35dff8bc754fc2b8e2b41774af45912aedd1d47bfa428d8cf6c2fb34018583dec0bae006c89e8a3b618b0e92dfd15878893a1c3de92007886f7e456b6151a,5/23/2019 20:00:00,5/23/2019 21:00:00,2978,17.18,,,,,43.25,9.75,0,5,58.5,Credit Card,Flash Cab,,,,,,
b9ca760b31e6d200d65062eff03adfa995e95355,7b30c143d8ed4be4f32665e498418dec827173d542c32e38bee8b26a9efb1523749a4b79d470d146699c4a504f4fe81bdb77b89f389957d96b3a7b8b3a049102,5/5/2019 23:15:00,5/5/2019 23:15:00,120,0,,,,,4.25,0,0,0,4.25,Cash,Blue Ribbon Taxi Association Inc.,,,,,,
b9c5bfafb31702bbb5f2c99d0b0632cc09d1ec06,3683df8abf7c59bf0e9d46a0de6f2c4ed65b0971fdaa22e2c6c2109ca004f5cd6a12165f425a5589c2e836f5df1a036ea0dbc5592d463ee84dad823da5c2ec83,5/24/2019 15:30:00,5/24/2019 15:45:00,698,1.41,,,,,8.25,3,0,0,11.75,Credit Card,Flash Cab,,,,,,
b9ccc0b396c478acca25b1c4373cae139768b0a3,55ef60184d508809c50a84b8c378a8572fcc0f5bd2ff49fbe9a4ba7265173a909e2999493bfb121a7fd4a55bb708f94d0511d4669e0fb8463b9c222f1284604b,5/10/2019 11:30:00,5/10/2019 12:15:00,2759,17.67,,,,,45.5,7.5,0,4,57.5,Credit Card,Flash Cab,,,,,,
b9ce8293f004673b031dac4b937313137ea550f0,2cf500aa0ed71e6681b5db1b594e13755e492499befaf9499def2b216b960557462d34e8d474d0fc84fac36252995739219e39f5a7b8c664311934a8931e30fb,5/1/2019 17:00:00,5/1/2019 17:15:00,840,0.1,,,,,9.5,0,0,2,11.5,Cash,Blue Ribbon Taxi Association Inc.,,,,,,
b9cadb94103eec5fb65c25246a14ea6197cd1e94,b48076c2785ca694d6a79ba159eabbd4e23d289ec31b8de47ce267aa4529084155cf1dfa667accd6a68e364c00dc9296645247ff3c50e5f8825fc20a38247563,5/22/2019 17:30:00,5/22/2019 18:00:00,2003,2.72,,,,,15.75,0,0,0,15.75,Cash,Flash Cab,,,,,,
b9cfa625ff9d956245b443bcb8c594947d47bd27,c2e7642922627884ea6e26885d164bc342c94110efc234eeacad94132224c9ce4eca9cd85df86f084b41a3ef62bd40e22b2865a29f835f69ea74135a5d9c4eed,5/13/2019 8:15:00,5/13/2019 8:30:00,480,1.5,,,,,7.25,1,0,0,8.25,Credit Card,Star North Management LLC,,,,,,
b9cec6990850691156c60d78b2e977d0e5929bad,4df2912dd50d4f329ca8bbdc29820405a25dab85dd752422ab4f51193fbccb1e163491a14d4cbb36adc4c8dfe78b8b50d2286555a61e45c8f29ea7828f9a8b90,5/21/2019 14:30:00,5/21/2019 14:45:00,780,2.2,,,,,9.75,2.05,0,0,11.8,Credit Card,KOAM Taxi Association,,,,,,
b9d27d767149882f16da35b7a3acc72f828587cf,f166877e4679190e6ec51cb55678238ad315ba133da9a62c0c10a289eab1f30d4b2f9f6f2b90efb413c922919ec97a9f8e6cf963adceb1a9337575df99ff8006,5/8/2019 18:00:00,5/8/2019 18:15:00,1228,13.82,,,,,35,0,0,23,58,Cash,Flash Cab,,,,,,
b9ce138df6570d4898b7e88974f2ffc860b6862e,ce2fdf72180b2899ac6fd35f77ce1a9a47f277ebee7b2add18a7cc5a669d9762c6fb3cb1b42dcfdd3b532ee95a221c5a7575d017a87242518afcdeba0a18c1d2,5/1/2019 13:30:00,5/1/2019 13:30:00,675,2.29,,,,,9.5,0,0,0,9.5,Cash,Flash Cab,,,,,,
b9d462fb381c31a18703f2cbae7fc770f501c4e8,9cf781e3591ef0900a7670c770394eb9318d418bd2e72d02e3411d7e38590ef58c32543e7d1adfffc7af17dd5f3b84931b5341c659972775631b1c2f0dde727d,5/15/2019 19:15:00,5/15/2019 19:30:00,914,5.5,,,,,17,0,0,0,17,Cash,Chicago Independents,,,,,,
b9cc7325c689ac24dccca4885dc2f075e6ca7e5b,4489496317d593d220fd48f54f9db2732a9a1365fb52062e4984b575796cebb6c24954352d5c866d0db22a0ecd0c87f19bbed1657cfd19484aab872dc2d6435b,5/18/2019 14:15:00,5/18/2019 14:30:00,989,4.13,,,,,14.25,0,0,1,15.25,Cash,Nova Taxi Affiliation Llc,,,,,,
b9cc9c6786b31b56f2c793f1bc0bac1628f80e77,7635a82f43e028db25331cde823015a9cf00b79b1c47cbe342bd79689b32e213bb624f12d5b3cf6b8efc9e5f1449bdc7a9fd0f37f6f8995a9a7c41f2de807aea,5/2/2019 10:15:00,5/2/2019 10:15:00,60,0,,,,,111,22.2,0,0,133.2,Credit Card,Taxi Affiliation Services,,,,,,
b9da6c40221368f6273aeb412103c499f652bd4a,9a3c52aa112f46cf0d129fafbd42051b0fb9b0ff8dcb0eec3472aadb095f24941d44fb1fe3234703ef05cc6069702d07f5a27606bc71c85426ac47b1b29728bd,5/6/2019 19:00:00,5/6/2019 19:15:00,553,1.13,,,,,7,2,0,0,9.5,Credit Card,Flash Cab,,,,,,
b9dddf6edabde56f90b6135f4753e0b76ddddbcc,74162326fb801178a68472247fdd36ef1994bf27a590de7303eff1c2697d20b617e5cae4dd791433bfbf4c82eb08cf2134268fa506417ca2265fa05955a52663,5/21/2019 13:15:00,5/21/2019 13:30:00,1020,7.9,,,,,21.75,0,0,0,21.75,Cash,Medallion Leasin,,,,,,
b9d7c08431a76fa4325f1c227232f14f90a766a5,fff84aa08ac78890c6e7da64b817cbd9aad6a124104e099a7482efee1a6bac61a837e1db218e9d38c159f28c8f85187a08a05c8ba54648edc3b91e437357fa84,5/20/2019 17:15:00,5/20/2019 17:30:00,534,1.3,,,,,7.5,2,0,0,10,Credit Card,Chicago Independents,,,,,,
b9e82b6d99686fc5fc6e77acffb9e64aa606112e,1bff274ed006935422e0042a5b4ba149e8ea9d59666cd647324d89a22338e334de8dfe2724ee6ab986c8c6d5fcf3a277586d322b0b8aa9de771590730c4c168e,5/31/2019 8:45:00,5/31/2019 9:00:00,720,1.6,,,,,8.75,2,0,0,10.75,Credit Card,Taxi Affiliation Services,,,,,,
b9e62b060b6b19e7b60f2f6df7bbe1edf89fdc54,79014a1d9bac0ae75f1186aca772109bee4f98041d004dd51f6a256c96372dc38ef493577dd53d99569c1980bb775632e28fe4404f393b8ad9c98d56554a2379,5/8/2019 12:30:00,5/8/2019 13:00:00,1920,17.4,,,,,44.25,9.65,0,4,57.9,Credit Card,Top Cab Affiliation,,,,,,
b9e726765722f28cff0d3fcbc95d334dabefd213,f9ccea6ec8d61adb4b8ee9c07f51c1e5b1cd8d023d05329a305d62c6c50c867355487567bf97124e31265274f094311bf23321e3b85833bc06b132914c6bed06,5/6/2019 14:00:00,5/6/2019 14:15:00,600,1.34,,,,,7.75,3,0,0,11.25,Credit Card,Flash Cab,,,,,,
b9dcbfca2d6c59713b14637cf3b61ccc94727d89,f9aee16b2de2973e98d52db66fb4a63a8dfd859ac95f9a5fa3dc2c2af2b8b4102d6b886a9115509152a8fa875eeea7f4faf1814323ee61c49974209d31404a65,5/23/2019 6:45:00,5/23/2019 7:00:00,566,4.7,,,,,14.25,2.21,0,0,16.96,Credit Card,Blue Diamond,,,,,,
b9dfc5f913fb82683a2d0c741ddc396f02528d34,22548e10dab3e149f756cb9283d6314073c0166532b8595071c6be35fa85cd200848eb97ec2c397cdb946f80bc585498c3d59296c993cdb5c754d6da87826a02,5/16/2019 12:30:00,5/16/2019 13:00:00,1980,16.3,,,,,33.5,5,0,0,38.5,Credit Card,Choice Taxi Association,,,,,,
b9e041d3681c32a8fbee2e23e2b3cbc88fd964db,001330b81e23412049f9c3eff5b6e972a91afe59c9aa36ef29747881b4bf803adfd02b1a71cca5cb8c2214275330aa4520df34d7848100414acb4b4cad642e62,5/14/2019 17:45:00,5/14/2019 17:45:00,39,0,,,,,3.25,0,0,0,3.25,Cash,Blue Diamond,,,,,,
b9e785e039a9acb8377b3e9a2702360bcfee8060,66091eafceb70bdf31ebd6b40b7474d79f14e7b3e0cce23064c9171fce1d2a101202dcd1564fe795aeaf29c967fe40c185b4599af5342abe1a4e4b469c356b1c,5/11/2019 3:30:00,5/11/2019 3:45:00,659,2.3,,,,,9.25,0,0,1.5,11.25,Credit Card,City Service,,,,,,
b9d8416b27a9b26460909bc4c706e8bb4a9731bc,fcaa473b1a8f982e6a4e0d0a1d8913c60a0ab87a1c4019819185f7301eb259dffff8e2d4edb33d07194b2aeac874513dc61977a7fa40c3b5f93702a209468205,5/18/2019 17:00:00,5/18/2019 17:15:00,1025,3.2,,,,,12.75,3.05,0,2,18.3,Credit Card,Flash Cab,,,,,,
b9e45cefb50be6c37464bd4607cc4906254becc8,5f337925e215d6ea2d9b444d0d02af68ee51437bdb49db236b331bb95fdc7c538bf04609b2a6af0ba221d965bac63bedaf0203e28e30c33273b2d3b88ab1961a,5/7/2019 19:45:00,5/7/2019 20:00:00,810,2.32,,,,,10.25,2,0,0,12.75,Credit Card,Checker Taxi Affiliation,,,,,,
b9e837161ac1821f6049935f20481db0a8c0d32e,13ffcb0e6d5abe05e85340993156c3cfda2e4bbbd6d9e313efd996bfc1b1bdb0f33f92b97562357665f300c71f2ae7a53172a69731e5d554c7eae3054e69eb59,5/26/2019 17:30:00,5/26/2019 18:15:00,2259,17.8,,,,,44.75,7.39,0,4,56.64,Credit Card,Flash Cab,,,,,,
b9d64a121e243b8bb3dc4d78b12ad2e787e7311e,884655d853cbe41e1cdf747969f0dc5b55ed2d5f76c09ae207083297c948a813b2dd57912bfb4a6f4230556ab61363257e586827846cf2a89ff35c7c3b1c08e5,5/20/2019 16:45:00,5/20/2019 17:00:00,86,0.12,,,,,3.5,0,0,0,3.5,Cash,Flash Cab,,,,,,
b9e163e0224e09f921e699988dbd2bd6c693a7a0,ab2b9a0930835b7c79d794179c4e53c68aee771064e532492869d4fb759da482e65c241b92b74413e156f09305f8c143f079cee2fa858fc7e0df31bca72ad47a,5/21/2019 15:00:00,5/21/2019 15:00:00,158,0.31,,,,,4.5,0,0,0,4.5,Cash,24 Seven Taxi,,,,,,
b9d62f2850075c9915959c0349468497d35659e9,e4d0e3e6e52230c3d66823a27dbadf419f08bbe37af64232ceb816458aa96b34427fb43f0e3b2393efc1eed9df461c294db4278a71665b8990ea390c1bc89d8f,5/2/2019 12:00:00,5/2/2019 12:15:00,840,0,,,,,14.75,0,0,0,14.75,Cash,Star North Management LLC,,,,,,
b9da97f8c179287cbbd577873a853b18fb9f893e,f58ad8a864f5e4a9aece14dbb6715c6442a70999935fc527d0496361fa9beb84d562a301cb266f8c69c00792a6f76771eb04e4972747bfe49545eb9f294de8dc,5/14/2019 19:00:00,5/14/2019 19:30:00,2172,24.26,,,,,58.5,0,0,36,94.5,Cash,Flash Cab,,,,,,
b9d81f523699ddbd274595bdb33d767f82c5719b,a209f23cf74c79ff445dba952914e7a3fac1ffe04b6aaf3fe7ec39878fd19e42010c644dc9aca2c41cd79df0450dd8bda98242ef6266ef211c5956072f2c8761,5/20/2019 12:45:00,5/20/2019 13:00:00,586,1.55,,,,,7.75,0,0,0,7.75,Cash,Chicago Carriage Cab Corp,,,,,,
b9eb08a1c7ade84808af677dacd9d46db8543290,d46f1838adaa90a600adb08cd4dccefc43096e23448d7b77fec06377c38badf324b914d19dad3ff7f9060b140d88a0fb827f267468437e05eec86e018ea280d7,5/10/2019 15:15:00,5/10/2019 15:30:00,600,0,,,,,7.75,0,0,0,7.75,Cash,Star North Management LLC,,,,,,
b9f179560538316aa16fee7c4efc85df45783d61,6255592c371ce6571936b34f35109bdd1c8aa2961dfc3b0801984c3b7b8db697f0e8f9a491eae8b35ef93aba095b62ad48f65d1eef78e5e85af22657a737ec93,5/18/2019 17:45:00,5/18/2019 18:15:00,1380,5.2,,,,,17.5,0,0,0,17.5,Cash,Choice Taxi Association,,,,,,
b9fb5c1bd7649658854bbb04a1fec8ffc2897a9c,e0b3e1e1ca6320c46aa1688ef894aeae326f89ae0de0f47c6327e5907f4d64a4c1358789f62d4a0b132d0deae7dd9532b8fb29f5efed4da2df77a0ff0fa64bf8,5/1/2019 12:30:00,5/1/2019 13:00:00,1500,17,,,,,41.75,9.15,0,4,54.9,Credit Card,Top Cab Affiliation,,,,,,
69940e43130a545971fa18e69223efdcd54b53dd,377d58cce52c7df74955611340d43e2260f6f0b139aeb21b9d2074bd7d31640c2de7b3a653e4f26aa8876db4424ea209986e3a37aebf5e271b1f76ca954ac5df,5/14/2013 13:45:00,5/14/2013 13:45:00,,0,,,,,40.05,8.01,0,0,48.06,Credit Card,Chicago Elite Cab Corp.,,,,,,
4574b1e143a14d81e24db6dfad24c91f8c641bc5,c0bc00deb27bf4840629b0d6d7c43822b8783db887163ce91c4643add1fdd3aad85b1238f57500e2017ce90a2505973d227f5bf136717d6f40d966c0a74c5024,5/4/2013 0:45:00,5/4/2013 0:45:00,,0,,,,,46.65,5,0,0,51.65,Credit Card,Chicago Elite Cab Corp.,,,,,,
b9eff893b7a68143bd351795ea5fd4e78534a824,712b8b176e0f984a78b0d7c4b37d2a3b60cb0a8ae40debef56e08e186216504aff58a45d36cbabc39465f9d3cd409019b61f0b8edaeb40661f640dd1e3f347d9,5/21/2019 15:30:00,5/21/2019 15:30:00,0,0,17031828801,17031828801,,,2,0,0,0,2,Cash,Taxi Affiliation Services,,,,,,
b9f3304386173d48688b5d64b5e49461d0c415e3,bb0f5c1220143f13ded35db05ed75af60c76f84dd79d4f89588ba39712bc6658facfaceb683e38cd64cb19dda87c284930c62ffb93f47ac9db555e105e300c65,5/30/2019 23:15:00,5/30/2019 23:30:00,646,1.49,,,,,8,4,0,2,14.5,Credit Card,Chicago Carriage Cab Corp,,,,,,
b9f9de2402d0a8f5fde0c10556f587146ccaf0fb,9dda60f327b3c28b73e08caa01f0d8740a9082069d69465a8044751386dc954766abeec8c04f226342b65cbae84188295885b55c04f4bd5c2f1b86c902b2b9d3,5/9/2019 8:00:00,5/9/2019 8:00:00,0,0,,,,,2,0,0,0,2,Cash,Taxi Affiliation Services,,,,,,
b9f52975e18de7e345bcb100c525338326c0d2e5,5985b42dd0cbd4492cd51df71c1fd5dbed60edb96d589b7523ef35dc77c6c71f44a49c6f496ac294a51ca6584790e4ee608578553b82960ccb6de65f7bbb2bd6,5/5/2019 14:45:00,5/5/2019 15:00:00,452,1.9,,,,,8.75,3,0,0,12.25,Credit Card,Flash Cab,,,,,,
b9eb322f3345c158e15d985ab0a95d2b7f490be2,74162326fb801178a68472247fdd36ef1994bf27a590de7303eff1c2697d20b617e5cae4dd791433bfbf4c82eb08cf2134268fa506417ca2265fa05955a52663,5/23/2019 16:30:00,5/23/2019 17:45:00,4860,15.4,,,,,45.75,10.05,0,4,60.3,Credit Card,Medallion Leasin,,,,,,
b9f6d0838b1b27aeb2de8ae439da3c1d97158cbf,81d652b4d1a83430b2ecbdd8f126b135f9f37b6115b7a51aabeb72edfa7fda22ace947a09e70ddd35edb5cb1bd1d7a8f25041e696029dc33f701f98e85de0e23,5/20/2019 19:30:00,5/20/2019 19:30:00,48,0,,,,,3.25,0,0,0,3.25,Cash,Taxi Affiliation Service Yellow,,,,,,
b9f0acfbee4a73498643f4adb35d13eeb312d670,056d6f1b203358cf84922075a99e40eb045f187b65ce590e3b43ea092a54cf34d07e4b738134b0800362108647e456dd1f411ddab6355cf5fca3321806fa66eb,5/6/2019 16:15:00,5/6/2019 16:30:00,480,1.8,,,,,8.25,0,0,0.5,8.75,Cash,Star North Management LLC,,,,,,
b9eedad4982253aa572fdff711a3abf53348d922,eb7a89d19be898811c37c619c60ca577d03d0fef742f66d96792b7bfa8c4cdfd37cfd0012dce1ea175f6f845aa6557d638b9b569459f9136dbc964acd76f1eac,5/9/2019 7:00:00,5/9/2019 7:15:00,445,2.97,,,,,10.25,0,0,0,10.25,Cash,Flash Cab,,,,,,
b9ef39ed1f741217c1bc0c097877f558b142375f,b584da8428a7c2377188bf309714a2b2f37081876bb14e15adc4e28df615b856e857d01f19dc9e38eb53b95c9ababb8e671073e3e6715f6c580fe8e44901729b,5/17/2019 17:45:00,5/17/2019 18:00:00,854,1.73,,,,,9.5,2,0,0,11.5,Mobile,Flash Cab,,,,,,
b9ee617f5ab590bebc10cd9ac74a64f90f6e53c4,1febec10403e7978c9ca2790c5a32093ef0fe059ccc98d301782903498d1a0f3492f0ddb953e697bc5e94f3ff4b855078b4e43fe841f5bbb5ca02e700be6fd30,5/5/2019 5:00:00,5/5/2019 5:30:00,1680,18.6,,,,,45.5,4.5,0,0,50,Credit Card,Choice Taxi Association,,,,,,
b9ef15010673bb69c93182dc369db532f1247b59,5f337925e215d6ea2d9b444d0d02af68ee51437bdb49db236b331bb95fdc7c538bf04609b2a6af0ba221d965bac63bedaf0203e28e30c33273b2d3b88ab1961a,5/13/2019 21:00:00,5/13/2019 21:30:00,1733,11.35,,,,,32,7.3,0,4,43.8,Credit Card,Checker Taxi Affiliation,,,,,,
b9eb3015a7aa62c86542237801650459a0673845,8f03724d05d5815d0a51f3186e5d1f3492f268ccc42dcaca0f8f23267fab98ec77aeee50940b5c605e479dbfe2fd8a7cc5f87c4aa26f3c2f46ed15a3ae5a1976,5/23/2019 16:30:00,5/23/2019 16:30:00,0,0,,,,,35,5,0,0,40,Credit Card,Suburban Dispatch LLC,,,,,,
b9f5b25cd3011fdd0ba46e99341d7ce5d93f16bc,fe3715c762210bf8125ab6526991e131d98d1daa40884536856f5cdbaa9b73591e3aa901a93194be32030f58773b41592036a6f72344d0f83f2846ddc3fff760,5/29/2019 14:15:00,5/29/2019 14:15:00,0,0,,,,,10.25,2.1,0,0,12.35,Credit Card,Star North Management LLC,,,,,,
b9fb7afc38d4b9141e1596ac4039eba602c8c834,1ea07d32f4c083a6055f21ead2ca1acad6f1dd6d39c52d75f96c620ce7a686120a0340b6fce6a93419d08dbbd95ea044021f52166f5fe05b4038955291ceeeef,5/20/2019 15:45:00,5/20/2019 16:00:00,660,3.5,,,,,12,3.35,0,1,16.35,Credit Card,"Taxicab Insurance Agency, LLC",,,,,,
b9f327f05f968d5020b92d7729271b130d05befa,3767536e5623ed437fc50a5f0dc6be0167a94654b789b1c2d97ddf6cf07c49e40acfc0b6f57a9a064ebb87d95ec78527ed7ebadd68f53d0f4909562e1c70a8a7,5/9/2019 11:30:00,5/9/2019 11:45:00,516,1.3,,,,,7,0,0,0,7,Cash,City Service,,,,,,
b9ec09069b6f156f3c89d445f408e06c90f425cd,45260748eb9acd59ebe666d37666b5d313877b5ae9b96520a92ff0033bc4928726aea08b471ad502212bdd8182b0946db4bb57ce7f9fb09724646d97f50aa2a6,5/19/2019 8:30:00,5/19/2019 8:45:00,1483,13.32,,,,,34.5,0,0,0,34.5,Cash,Flash Cab,,,,,,
ba0e306b56323525732b3435b633497967909c31,ac01e1fea27fa4aa69f576a855b1571944935ea42aa8bd0cbefa977964d60228e729d4df4c3b5e5b3c8f50dd4d60b6f5b5b93a9cfa84e1fc6901e5d11d4c2a65,5/28/2019 10:30:00,5/28/2019 10:30:00,0,0,,,,,30.6,5,0,0,35.6,Credit Card,Suburban Dispatch LLC,,,,,,
b9fdc7c9cceee8e966501b50f1d566ccb25153ab,5027ab588dd646469d3d23662190200f0531c1e6f9a918a96057a91a55bd6bbb9a818916f0bfac144fdfa4525ad4d9132f92f9fc3d02587acaaea66bc7d047a6,5/13/2019 19:30:00,5/13/2019 19:30:00,57,0.3,,,,,3.75,0,0,0,3.75,Cash,Medallion Leasin,,,,,,
ba0e06b87f4982cead830867adbd37de751ad0e2,949b2b62a50681d3d1b5b44d94ee42384a57fd625d30d05e3e42493991598f758c7800cb232fed81cb5f9e21fe3cdd569dd886bc8c75c0df492b681e9cb0d1b3,5/29/2019 17:45:00,5/29/2019 17:45:00,540,0,,,,,7.5,0,0,0,7.5,Cash,"Taxicab Insurance Agency, LLC",,,,,,
b9fdd9e450ca09e90f6c5272202cfec04e72489f,d6d5194c8f712167fb1c63ef4409ce18414e022c65b7e6201f08da0f077f9ccd93136497dbda4f3c03109e59dfd78b3eea2db3e015d42fad91694896cd30e7a9,5/7/2019 0:00:00,5/7/2019 0:15:00,1440,16.3,,,,,41.5,0,0,4,45.5,Cash,Chicago Independents,,,,,,
ba093985b19afa8e7dee75cef08d414c9fb3b438,ef249ea2c31ccb20ce9eb258d3116254a6f9fe05c7cc84c055207c5280324dfad3299739b719d7241794eef9c950da3dee20513774182b30f6c7fcc6d4e7fc1e,5/15/2019 18:45:00,5/15/2019 19:15:00,1329,3.83,,,,,15,2,0,0,17.5,Credit Card,Taxi Affiliation Service Yellow,,,,,,
ba09bb08d36865d77b67b5c1fde531ea4e091fb8,22548e10dab3e149f756cb9283d6314073c0166532b8595071c6be35fa85cd200848eb97ec2c397cdb946f80bc585498c3d59296c993cdb5c754d6da87826a02,5/8/2019 22:00:00,5/8/2019 22:00:00,300,1.2,,,,,6.5,0.98,0,0,7.48,Credit Card,Choice Taxi Association,,,,,,
ba0648ca1d82dcd0c5df36d23565c582cbd13133,285278cefef33721ed55b9e47e066a614b03ed0055f0a7e170120f3e67bcce627640871a9214f76ff9b78b08cac20e6b0f2cbf0f29e787aeb5856bc09465cbac,5/2/2019 17:15:00,5/2/2019 17:30:00,1346,3.28,,,,,14,2.1,0,0,16.1,Mobile,Flash Cab,,,,,,
ba081b31641a0c9c8f6cde9dcf43732c482af8e3,4985679c5d03d534d606702c915a7c74f83edb456f886effa3de5d1ba947ddfb6680d3a1bac2af8b92795255cdf984f2fdaf62ae00a3771dea6d6c58b2ee5d10,5/3/2019 15:45:00,5/3/2019 16:45:00,3240,18.4,,,,,46.5,10.1,0,4,60.6,Credit Card,Choice Taxi Association,,,,,,
ba0c2dc933902d5e6d777f8a975ecaf4218b4dc4,791d74df896226a452a8e223e2ec9fa0df7d80bb7ca1803a962825ee533a7efeda3d8c70a664fac35aa72b8ac4766174a796ff100f1b084081dd20b07a412e46,5/6/2019 13:45:00,5/6/2019 13:45:00,300,0.4,,,,,5,0,0,1,6,Cash,Taxi Affiliation Services,,,,,,
b9fe7193907b16027399c6d2dc384cee8610cc2e,7cfb14f0417008b15eb0c9b5b482bb7ef3a8d2799597ae0c224ce4050a8526e20670e7c60aa2b8dcf5d5b327e2277b85911591b97bf7bbc07a0b1629c7ca6fab,5/8/2019 15:00:00,5/8/2019 15:15:00,443,1.36,,,,,7.25,1.1,0,0,8.85,Credit Card,Flash Cab,,,,,,
ba00f2bd7cff221d37641b71c5d63febdeb23989,fa0a84435b292833f8429400e94600f4b71dd17cafbaf54e7ee337a28fb45cf758d7a69276efdd283eca0c39c4aca6dafed346b7518f82db275624aa3b128b4a,5/3/2019 17:15:00,5/3/2019 17:15:00,240,1.2,,,,,5,0,0,0,5,Cash,Taxi Affiliation Services,,,,,,
ba10ca78fcf72645714d391ac160571d531a3e61,a8078f80a679e11f94f21e3bc8e205025db5e17d1f204c177c60415fb20e9971a5b6352b2573a91ddac200b598a011997ed4f7a43a4280f9b927619d0a9a31c0,5/17/2019 12:15:00,5/17/2019 12:15:00,480,1.3,,,,,7,1,0,0,8,Credit Card,"Taxicab Insurance Agency, LLC",,,,,,
ba0b2abb46bfe486fbdd6639613c08ef156f2e8a,ce2fdf72180b2899ac6fd35f77ce1a9a47f277ebee7b2add18a7cc5a669d9762c6fb3cb1b42dcfdd3b532ee95a221c5a7575d017a87242518afcdeba0a18c1d2,5/28/2019 19:30:00,5/28/2019 19:45:00,350,0.81,,,,,5.75,0,0,0,5.75,Cash,Flash Cab,,,,,,
ba068ce6cc69767ef93145c59e17231950f5019a,2354c93bbaa7dac1e0d85d0bca366db1f91abf56b9731a312f86814bd008e20a65570b38d2e5ba14a1d53f6305814b8479c4ec2ed85badfdc8d11c3f246f7a85,5/17/2019 14:15:00,5/17/2019 15:15:00,3660,20.1,,,,,50.75,13.8,0,4,68.55,Credit Card,Choice Taxi Association,,,,,,
b9feada7160e4b2eece1f3939463da90a1b95503,9b27e88e4aaf1baf7c5258a585aa5fb93156885a6e973f42a68715785beb84a4c2c09d83ab16d6f1a87128eb80c0af0ec350fd9a40348ce4ee1fcfb5fba51921,5/13/2019 16:45:00,5/13/2019 17:15:00,2016,9.46,,,,,25.5,0,0,5,30.5,Cash,Flash Cab,,,,,,
ba018f7cb9f47e4843fd56420704902825217582,d95b99518116b5f943d75828e78c02e668ec6add7d28baf8548752f0e6b263d92e916f0af3caf8ce99349f1b1de1045fee29f713f2634b94371781c5c83d4ba8,5/11/2019 17:45:00,5/11/2019 18:00:00,540,0.9,,,,,6.75,4,0,1,11.75,Credit Card,Choice Taxi Association,,,,,,
ba042413eb8328184406ed1199b9e97b5a2fcbda,d95b99518116b5f943d75828e78c02e668ec6add7d28baf8548752f0e6b263d92e916f0af3caf8ce99349f1b1de1045fee29f713f2634b94371781c5c83d4ba8,5/14/2019 16:15:00,5/14/2019 17:00:00,3060,17.8,,,,,45.5,9.05,0,0,54.55,Credit Card,Choice Taxi Association,,,,,,
ba09b9b6c67f544ea62f250b06354fda8e6a2b29,8423aff4ae55153cc18d090c35b73b5cb6376b828d836df8886249451810d8a4b4acfa0f02861c0042317ce2eec824fff308bab887c9adc461e38286a8d0ad78,5/4/2019 7:30:00,5/4/2019 7:30:00,310,0.88,,,,,5.75,0,0,0,5.75,Cash,Taxi Affiliation Service Yellow,,,,,,
ba01ed503436b8026ecc6463ea501e49bf8b1518,237a0889e04b6ab9609738d8b35485bce00cf600493d4e05acfd9c411576c764111e48834d150b65e5490945adf10be662e177693405dbfeab3462180ae2515c,5/11/2019 17:45:00,5/11/2019 18:00:00,1004,3.05,,,,,12,2.5,0,0,15,Credit Card,Flash Cab,,,,,,
ba01179cc05c318be78fe79be34daaca62c14b69,1a7e54ee086a9a27a3b8eb211ceb236233b7e693f53b40501d29ce8d9c5305dde268f706853e6b2132cc3b0ef3716bd467268acbc9ee052f1fa3e4ac845da86e,5/2/2019 11:45:00,5/2/2019 12:00:00,600,1.5,,,,,8,0,0,0,8,Cash,Chicago Independents,,,,,,
ba087ca9e0e10e7ccfed81c70306768c814af669,e0f770359daf0355763b1f153b9a286c6773606d152e0a31e447a505e59bbf7fba14facc82e6b1146a690abdd2ad4667322763bd2e32588d5ec6b8b43ecb6596,5/9/2019 23:45:00,5/9/2019 23:45:00,0,0,,,,,200,0,0,0,200,No Charge,Suburban Dispatch LLC,,,,,,
ba0cd4b17c1b545f04ceef1340ac497ad3b1f757,c5af7d40b837447125ea981dfbc033b41265ae3e44f4569035fe6a62bf1be2b53625a696c17c14f7fa829f844b9ff3653631c709723f70541549c8f5b3bc61a6,5/29/2019 14:45:00,5/29/2019 15:15:00,1850,13.3,,,,,35.75,8.05,0,4,48.3,Credit Card,Chicago Carriage Cab Corp,,,,,,
ba0c550a17faf93f2cbc2680c27f55e39ae56afd,fed6c850c7faa23405a1d41f160ff51bf151da2f822e228f1ee0327d420760943a0386222682cb8ac46ed4b89a5d541d243ec4b3258f2310bcc643356dbd4a15,5/8/2019 7:00:00,5/8/2019 7:00:00,0,0,,,,,34,6,0,0,40,Credit Card,Suburban Dispatch LLC,,,,,,
ba99402eb0317f4474090fc37b358ba6313cb2d6,13ffcb0e6d5abe05e85340993156c3cfda2e4bbbd6d9e313efd996bfc1b1bdb0f33f92b97562357665f300c71f2ae7a53172a69731e5d554c7eae3054e69eb59,5/29/2019 16:45:00,5/29/2019 16:45:00,318,0.49,,,,,5,0,0,1,6,Cash,Flash Cab,,,,,,
ba15c32968c025d62b1d791ffb8f866ef87ee57d,5eac444af144fca7873ee6adb92594ba02d1fb64a516fdb007745369b1370c7fada0c0025eed87a3d148be51f6a38d7b9a01839600f2956770eb87c27b0a4d37,5/2/2019 10:30:00,5/2/2019 10:45:00,578,1.85,,,,,8.75,2,0,0,11.25,Credit Card,Flash Cab,,,,,,
ba27cc1aa9bff4b2917f4ac8d915ebc1c81fca88,9077249de291bdcb3f9f87f79fe7c757933908fc76f93f4044e3584c43b3c4ed74abbc8fb02b1930505411c948cd1c3b019114c9575d29815c5d1601b0058ab5,5/7/2019 13:45:00,5/7/2019 14:00:00,780,0,,,,,8.75,0,0,0,8.75,Cash,Blue Ribbon Taxi Association Inc.,,,,,,
ba22f682a53dd2cb2e52c3936c2f6744adcb4c31,81d652b4d1a83430b2ecbdd8f126b135f9f37b6115b7a51aabeb72edfa7fda22ace947a09e70ddd35edb5cb1bd1d7a8f25041e696029dc33f701f98e85de0e23,5/14/2019 18:00:00,5/14/2019 18:15:00,324,0.6,,,,,5.25,2,0,0,7.75,Credit Card,Taxi Affiliation Service Yellow,,,,,,
ba277080ea336e9586f12ff8b9e9668087ee5f95,8aecfdb7580531751986ac8c546262c4003fa885438ec0d838c2363f1564438d8b29145f3dea41aee5a1d1393f872d4e81e9e4f21d9194479dd1b1b26e4793f5,5/1/2019 0:30:00,5/1/2019 0:30:00,300,0,,,,,6,1,0,0,7,Credit Card,Blue Ribbon Taxi Association Inc.,,,,,,
ba268c1c0e7e173e65a2305f88be36736f1c59c2,9b712d7cf59a9ce8edfac4f8c97efb2a1245f757dbb868913698acb5710441571b3acf737e170a16fcd163904550909ef770a01ff266f470e94f13662e608018,5/31/2019 14:00:00,5/31/2019 14:15:00,926,1.6,,,,,9.75,0,0,0,9.75,Cash,Chicago Independents,,,,,,
ba19b55fb38f2d53af93754b904020a09124f603,f9dfe19ff656e73355417487428709a9849e91accd2b240d8e6b3a9b21054f12cdcfe7df456ff6ccd12347f813268f30cabd4be9faa923c7a0df39fd0f8d11c8,5/7/2019 9:30:00,5/7/2019 10:30:00,3717,17.54,,,,,46,10.1,0,4,60.6,Credit Card,Flash Cab,,,,,,
ba22eff683f221eca8bce443cb4d372c7edb60e6,2c3d2f8abbb58639c976276b8ed08d10f3b45c7fc85c4a357252d3f83af0c6baa23d5de63911bcc0dce0a25331b9026ebb28049588390a0b82912e50d60d4744,5/14/2019 10:45:00,5/14/2019 10:45:00,0,0,,,,,2,0,0,0,2,Cash,Taxi Affiliation Services,,,,,,
ba1515e8e8af99358bc1d4d6559c031508928f0c,6c24d87e3ee1a2a791f74f9d30dcc83f0d62401565d4bd1652905a350936dc3ddc3444a1992b03006ae154de2709e15354f5cab32bbc73c0d804f9f4fc9120fb,5/8/2019 19:00:00,5/8/2019 19:15:00,1169,6.68,,,,,19.25,1,0,0,20.75,Credit Card,Flash Cab,,,,,,
ba1ab888600672db7213358699621fc5921296e1,0fdb568ec3259f133b145bbd37341939cdf524b5380df58c24948185f1ad80b63131f7d5378d1d7577b3e448b4bb18525d5eeebfb21cb7b41850b8d1e467f0ed,5/30/2019 7:30:00,5/30/2019 7:30:00,244,0.71,,,,,5.25,3,0,0,8.75,Credit Card,Chicago Carriage Cab Corp,,,,,,
ba27a824d42eb74167b81925d78edb81f340cf2e,5e19e798d09968ed39fe5bdfc98f6a9058f7d88f0bae2a6b894ee179c738c544363d94caa49a5db65fa86aa87ac889ff8130b3f6f0bd55ea00cba3cba2fec5b5,5/20/2019 13:15:00,5/20/2019 13:45:00,1805,13.59,,,,,36.25,12.35,0,25,74.1,Credit Card,Taxi Affiliation Service Yellow,,,,,,
ba1d829354cd28b652c195f9268f3a152cf9212a,ce8e5531edf9255d9ecb2f930e320f9c1c83229e43744564103589a4cf339190c4c17ba66439c436305e3ebf2447ef2d418b2601edc83b81c08abdce5cd20334,5/17/2019 12:15:00,5/17/2019 12:30:00,287,0.71,,,,,5.25,2,0,0,7.75,Credit Card,Flash Cab,,,,,,
ba196ef9e57d988c501c5bf25b8833a9ebfb548b,f9dfe19ff656e73355417487428709a9849e91accd2b240d8e6b3a9b21054f12cdcfe7df456ff6ccd12347f813268f30cabd4be9faa923c7a0df39fd0f8d11c8,5/11/2019 15:30:00,5/11/2019 15:30:00,549,2.71,,,,,10.25,2,0,1,13.75,Credit Card,Flash Cab,,,,,,
ba19a9cfe8617ec1bd6b6a7aa211b66aea6ab31e,f8b84760a5c303b6f781d9864346b47bc9d11271782082a8a7c1ba509a10bcbb75c2c9cc95bbf4997ba48e4e94d34233d6bbbbf692b7acfd57099608f4ef3d7c,5/21/2019 13:30:00,5/21/2019 13:30:00,360,0.9,,,,,6,0,0,0,6,Cash,Top Cab Affiliation,,,,,,
ba2014bc8cacc326d8a2a8d3d890632e365f6eaa,e359d5075e374693cbfd6422e64804dd03380d648c15630eba449e8d8d70c16be3c1c3f6b933fa2bf59ff43b489eef9a1e287267b3637b73f26211c7df2f84dd,5/2/2019 20:45:00,5/2/2019 21:15:00,1523,16.23,,,,,40,8.9,0,4,53.4,Credit Card,Flash Cab,,,,,,
ba25a85c8fe9dec55e55fe6b57a9fc01e2ba00c6,5d853881bf4f0ce73fc83652879af526b3cbe52d02c00898e01ccd026326725a9ad29b746b039ccf3210466409cea4dc93850ecd168db56341a920aa49840daa,5/10/2019 13:30:00,5/10/2019 13:30:00,121,0.27,,,,,4,0,0,1,5,Cash,Chicago Carriage Cab Corp,,,,,,
ba1602213116f335e1e6b039ea86a59edfaec42a,f4ce4336448c7e8bdea302ffa4bf5d49520fbbdb9418752b998b99d4ce9410a96cbb20fe6d84ff86dd8b03a2470d7a88a01dec9f0b6b16be52119b86081387d3,5/24/2019 18:00:00,5/24/2019 18:15:00,1088,2.2,,,,,10.75,2,0,1,14.25,Credit Card,Medallion Leasin,,,,,,
ba15bd7236e050b792036528ea22c887aae47a26,a209f23cf74c79ff445dba952914e7a3fac1ffe04b6aaf3fe7ec39878fd19e42010c644dc9aca2c41cd79df0450dd8bda98242ef6266ef211c5956072f2c8761,5/19/2019 7:45:00,5/19/2019 8:00:00,811,5.19,,,,,15.5,3.2,0,0,19.2,Credit Card,Chicago Carriage Cab Corp,,,,,,
ba1380866a92922aa140eabf32532022567d0087,773cd87ed1c8254ae93716d9edbaede8d97274688541e23a1ee9997852e198f0bbbdbe7b4de588d6da650363c984d42b2c13b1725999906a3ea99f32df601055,5/19/2019 17:45:00,5/19/2019 18:30:00,2520,26.7,,,,,64,13.7,0,4,81.7,Credit Card,Star North Management LLC,,,,,,
ba2198e8eea5bbe9e091e7b40f67f231b02a3b57,ad45277450362defccc49502ca68fed672689bb030ca3d0ce3e6e3e07504ceba8c13360e818d779fe4cea4b13a8f86892e5e4e6a7925fe758950639cf8e781d3,5/18/2019 17:15:00,5/18/2019 17:15:00,0,0,,,,,3.25,0,0,0,3.25,Cash,Blue Ribbon Taxi Association Inc.,,,,,,
ba25b74e9d1710785aa610b0cefd9334d0ef6c88,ad90a85a97a0d2d0d6b13514a66b6790071493bb8cb3211bad539c47188a29a842a112ce08f6a2ef2d3a65e90c5f9ded9d2a7891c5dc7730a0fac1ac3cd8d5f0,5/25/2019 19:00:00,5/25/2019 19:15:00,1071,4.2,,,,,14.25,0,0,1,15.25,Cash,City Service,,,,,,
ba26df773ab07e81b87aab3b949624eb1a9d4dfc,c5af7d40b837447125ea981dfbc033b41265ae3e44f4569035fe6a62bf1be2b53625a696c17c14f7fa829f844b9ff3653631c709723f70541549c8f5b3bc61a6,5/23/2019 14:45:00,5/23/2019 14:45:00,511,1.26,,,,,7.25,2,0,0,9.75,Credit Card,Chicago Carriage Cab Corp,,,,,,
ba1504f6d1a3265fc37b509ee30d9121e5c31c1a,f35fcc7d28fd3ca0324ad6b42c6bf1dd0413320a9c4b65cb10b92def1ea763bd2bd706f4e189be46b08d37e56f1ddb72f06d89e6a64e0cb7172e3618e519c33e,5/3/2019 17:30:00,5/3/2019 18:00:00,2220,12.4,,,,,35.25,0,0,5,40.25,Cash,Medallion Leasin,,,,,,
ba1a1c3d6ce1e8aa409b2179fc18973ad4cad86d,e4d0e3e6e52230c3d66823a27dbadf419f08bbe37af64232ceb816458aa96b34427fb43f0e3b2393efc1eed9df461c294db4278a71665b8990ea390c1bc89d8f,5/3/2019 17:30:00,5/3/2019 18:45:00,4020,17.3,,,,,45.75,5,0,4,54.75,Credit Card,Star North Management LLC,,,,,,
ba17d642e6845f7116fb54417dd715c02b13e97d,964d179d99b31a4d39ffe0d00da347d492e916870018ac2085c0da86caa777439c46e9a7b5edc4624cc50e49d98cfffc493f0bdd7327d6be4ef890de7226bf4c,5/22/2019 8:15:00,5/22/2019 8:15:00,579,1.4,,,,,7,0,0,0,7,Cash,Checker Taxi Affiliation,,,,,,
ba2dc853163b0c3476df17e8c3d519bb93e2b2b2,7a387c4ea03aea6f051c2083737fa232315f8dad35cf3689b8fe913d8fb30ed9d48a9047d540bf8aaeae7d9b46e4995d6eb49edfec7a50c74ab51d508839617a,5/6/2019 7:45:00,5/6/2019 7:45:00,474,1.36,,,,,7.25,0,0,0,7.25,Cash,Chicago Carriage Cab Corp,,,,,,
ba30ab135fe1e04e9f85d2178e6bf87391a59def,7a387c4ea03aea6f051c2083737fa232315f8dad35cf3689b8fe913d8fb30ed9d48a9047d540bf8aaeae7d9b46e4995d6eb49edfec7a50c74ab51d508839617a,5/15/2019 12:00:00,5/15/2019 12:15:00,439,1.12,,,,,6.75,1.2,0,0,8.45,Credit Card,Chicago Carriage Cab Corp,,,,,,
ba319f440c08fd1ef48d0ba6657b5225d93f389c,6682944f2b37609761181033253037c05fed4377e8b6496a7a902a71bb6ddcd7f1f924d0954e948c6a9563b482a0c5535b91cf8438e3cb4df6d26a38ffcc93ab,5/24/2019 11:15:00,5/24/2019 11:15:00,300,0.9,,,,,5.75,0,0,0,5.75,Cash,Star North Management LLC,,,,,,
ba2cddf73e47b44f499c426f3c323b604be07b94,62d7a2f3418a6b4f4899598f5a4d5bf0b372e8bf3ea61a380c90366086d54df1ab6deae853f76045db73d25871fb093abab7ace95e197a7ee6b683403ada3bcd,5/31/2019 11:30:00,5/31/2019 12:00:00,1140,2.5,,,,,11.75,0,0,0,11.75,Cash,Medallion Leasin,,,,,,
ba28470fc0976f94db4fef722cd7a2e02e52dcc6,2d411799ad37a21a76e73cab9a4ec254f551ba45761f4e20e37dd765dd5e11a7e4e959982ae7c365ada32bc63fd3d21ea65608415878ef38da13885b9ea531c6,5/2/2019 18:30:00,5/2/2019 18:30:00,22,0,,,,,3.25,0,0,0,3.25,Cash,Flash Cab,,,,,,
ba2a80df8a9e7eac92978d0c59c70a04843cd811,5339c272e8a85babf1e53c2ab4689a3225f1d8128d7c60de5da70e1a20c6cf193b1c5ea2d4d3ac881d0ea260b8154583cbb65586198e45968cc304290fb66dd5,5/8/2019 13:45:00,5/8/2019 14:00:00,600,4.8,,,,,14,3.6,0,4,21.6,Credit Card,Star North Management LLC,,,,,,
ba2e0f3674a8b651a392c7c1ae43edc9b15dcd77,53b9f89457dbe76abd2c5d0d7f00e0c2bf48a1e10351227ba10721fa60a4007d2c2867e40331f1878efe02029995c699135a48bdffac565ce40c49684077bbf1,5/25/2019 7:15:00,5/25/2019 7:45:00,1241,14.86,,,,,37.25,8.35,0,4,50.1,Credit Card,Flash Cab,,,,,,
ba31a33e7a21fc0eac2e9b2705ed44e5be3e34e4,e359d5075e374693cbfd6422e64804dd03380d648c15630eba449e8d8d70c16be3c1c3f6b933fa2bf59ff43b489eef9a1e287267b3637b73f26211c7df2f84dd,5/9/2019 14:45:00,5/9/2019 15:00:00,821,1.66,,,,,9.25,0,0,0,9.25,Cash,Flash Cab,,,,,,
ba2cc35e0386865d512551df10acd8aa1d2429e9,e0e4d2903696d6f25cb9ff81598d69162bd959eaf4a2c1d3c928d358b6fe756523f72e6a297ebbc3a12bf9b5bfd6672f367549556ae168223655a0c6aa3ef6ca,5/10/2019 13:30:00,5/10/2019 13:30:00,0,0,,,,,35.5,8,0,0,43.5,Credit Card,Suburban Dispatch LLC,,,,,,
ba3018358f79fb0604e7c620e4c021f65840224f,c92ffc47a21e745772199e454f7749ca499407d0079a94c077bdf77a5cfdf27a23055a6d45d5a85d2e17b964aa059fe2b7f50fe5e68b0dcee8518918df25a35b,5/17/2019 14:30:00,5/17/2019 14:45:00,960,2.3,,,,,11,0,0,0,11,Cash,Choice Taxi Association,,,,,,
ba3481857d54b4940eadafd4052dda835c0d6075,1e3a48e9cf98c6228b3016d217e7b600aae23da58ba4e14a098944bdd5f6ecdf314f02c51a583be206812c63e29052ac9d15aca4d46260fd47ea3d5719cfe350,5/5/2019 12:45:00,5/5/2019 13:15:00,1200,5,,,,,16.5,0,0,0,16.5,Cash,Chicago Independents,,,,,,
ba300ae625cad39229d2a64caeec9dde7e1bd2bc,8aecfdb7580531751986ac8c546262c4003fa885438ec0d838c2363f1564438d8b29145f3dea41aee5a1d1393f872d4e81e9e4f21d9194479dd1b1b26e4793f5,5/5/2019 1:45:00,5/5/2019 1:45:00,420,0.1,,,,,8,3,0,1,12,Credit Card,Blue Ribbon Taxi Association Inc.,,,,,,
ba30a0a0774ac279b210bee8c37355dd52c750cf,2b3c49a1690ea749891daad76406b26c64f7c7c3591b985774b6ee1bd94d9e425157318f6271af4a166450d4c5e11a4aca0b4e2ef1cf8c20232a1d66747dcfac,5/9/2019 19:15:00,5/9/2019 19:45:00,1301,9.99,,,,,27,4.72,0,4,36.22,Credit Card,Flash Cab,,,,,,
ba2c9356c21d23821cdf2bea3feedf5e61f07305,eafd27c0f4159baa8505a60207a3698501002905ae6f9acb7560cc8cae750487170e6a0c43e9018376448703487f1788b1a4eb313bdc339f3dd6f6d3a90cf19d,5/6/2019 11:00:00,5/6/2019 11:45:00,2220,15.2,,,,,40.25,0,0,2,42.25,Cash,Chicago Independents,,,,,,
ba58306dc8a2b19d316e93fd2975d4b12013d736,48c6cef6da6b6d321cc3f3781fbc4ac07a156f25c66f53dca399045aa08ff4dee5721ef8c27cf991d305a4fb00f5f969142764cf39c1219244fb053692c31147,5/4/2019 1:30:00,5/4/2019 2:15:00,3060,18.1,,,,,48.75,10,0,4,62.75,Credit Card,Star North Management LLC,,,,,,
ba572455d393541bf390ee3f0dd13d3b69bea9b7,b817ee2ac77f0411dbf2976cd3883053dc69380b8d61c7b9fa104cdd0ff2c7c41a2b8785f347cc88ea1638557bbf774b2d74ca743db2e8183c9f51a629eff4fe,5/29/2019 16:45:00,5/29/2019 17:15:00,1309,7.54,,,,,22.25,5.55,0,5,33.3,Credit Card,Flash Cab,,,,,,
ba56c117de22aa110f8cd6b7682d8ac81cd70adb,46b23d509813329c067fcaaa87708e5e0f3dda7ab1b4d24e027b5ebc033e313526ec8c406b4ed84eb7e80f7e899d6c7d84ac288da67d9281b956ae92b2c08d03,5/10/2019 10:45:00,5/10/2019 10:45:00,34,0,,,,,3.25,0,0,0,3.25,Cash,Flash Cab,,,,,,
ba422bf7006d77d4fe1e5c5cc7cd183d7c48a07c,6278c1674ea7d215ce7df0639ab7359bd906b09f2b253610b7f72fc1d6a791b0ef9d7f8fd07ef92578c9c705a601aeb37ef7936e8038aadfb712b3250ce28437,5/6/2019 7:30:00,5/6/2019 7:45:00,708,2.39,,,,,9.75,0,0,0,9.75,Cash,Flash Cab,,,,,,
ba450570bdcbcdcdfb99e434f7b7c0983191b977,136bde683344e8d6f81bb0a493c99e3176256fd2564687d66cdca0937781c8a164aa9724eec683a9da5b21009e405e00a78c42a37e99ecfbdf7faba36f3a7e10,5/14/2019 19:30:00,5/14/2019 19:45:00,480,1.37,,,,,7.5,4,0,0,12,Credit Card,Patriot Taxi Dba Peace Taxi Associat,,,,,,
ba38e9b54d0ac952fa051af90d55b3211e193e6c,746d6a7a44c2d97606216ff513d227443a5fa5cc72b747ffa30756c6aced956f9fedcca236b4d788c982c886889947f35cef4943d948045f8f91aa7f1b176283,5/10/2019 15:30:00,5/10/2019 16:45:00,4299,14.6,,,,,41.75,0,0,0,41.75,Prcard,Checker Taxi Affiliation,,,,,,
ba38ce3696d0890dc449d95ad424dc26ac2d9a60,34766262f2e312774b1ad4651b99dc23b780dbd00b658fd9425073c510a15d39b21d2c5835fdf71c447ecadcdf2211013d245331c588b302a74eb3128c5b0f83,5/17/2019 15:45:00,5/17/2019 15:45:00,180,0,,,,,4.5,0,0,0,4.5,Cash,Taxi Affiliation Services,,,,,,
919f6351d4e8f5b96c42bac1d3a709be41bc40be,5d916ffe3332153aabd712bea0d40802d30da75a76ae568108fdbb642e1dec7e2e7d446281a0bd78735f729bf292ec6aece8eabcd37667f57aaa684fcbeb3439,5/16/2013 2:15:00,5/16/2013 2:15:00,,0,,,,,10.65,2.13,0,0,12.78,Credit Card,Chicago Elite Cab Corp.,,,,,,
ba47f09a9aff635620c2c755500f51f048fa8ff5,3dfcca4cdd10f8e0d6a9eef6b4221629452f2a707ebfeb4bcef91a201625aec7ab93e65dcdcc6e784744a4527a03443f0e3fd8510bea73f663110b6554bd1330,5/29/2019 7:00:00,5/29/2019 7:00:00,18,0,,,,,3.25,0,0,17,20.25,Cash,Chicago Carriage Cab Corp,,,,,,
a1b8f52bf1d78fdae302e97dfe00ea412ca4389b,1025e3aec9a251a432a6bca2bbe7a95bc032b369fd5be1a487963cbb8b8aa24de653d865540b706f311e2b0c68ab892a009e0ffb66629f8a26e837db75c516c6,5/13/2013 21:30:00,5/13/2013 21:15:00,,0,,,,,7.05,1.41,0,0,8.46,Credit Card,Chicago Elite Cab Corp.,,,,,,
ba364d7f5079482efb6927ed457d37a68292316e,bfe8d4d74f796722f160aeda9d12a1688cc0cebf5601b1303b66288844765cf1a58a316736a12c2a0f47c6730dd9a79f9c3d3dc931f1f72ef627a7f944a249d3,5/12/2019 21:00:00,5/12/2019 21:15:00,272,0.75,,,,,5.25,2,0,1.5,9.25,Credit Card,Flash Cab,,,,,,
ba482648e26166265e39dcdbc4caffb1dfdf2e73,27f677a6fabd0fdd92d357f990ab06c173a003d5cba0c391b23ae628070817db7898874ac6e8eb3e9a5c345b7af52627c651fe016c787873039136c7d48f8bf0,5/14/2019 18:45:00,5/14/2019 18:45:00,37,0,,,,,3.25,0,0,0,3.25,Cash,Flash Cab,,,,,,
ba47d9692a82d5ae24c626440bdb245a333cd193,d31f81c999a017a3516da0b9a9fd96abf7e4ea8333e94a9524d388b73500763cb08902fb384917a0d5d72ec3d36b97f4e662ac4bd9a0bd457de3042e1fc27694,5/21/2019 23:45:00,5/21/2019 23:45:00,468,1.7,,,,,7.75,3,0,0,11.25,Credit Card,City Service,,,,,,
ba3d2dd89cf943e2e11c9818d7dc05276b942080,1e17dd9f6bce9b805ec3f6c6b510caa5a64e4b67e9f3b79fa7ca1781d0c7970d6b754f429a79075c22e353586076b9f2f6856e8f98b31f5022751d7eb321069b,5/31/2019 10:30:00,5/31/2019 10:30:00,411,0.8,,,,,6,3,0,0,9.5,Credit Card,City Service,,,,,,
ba3d0427a0563f4cf75f951ac15d75835b1f7720,d549327724158ac4ef32116f4204610692fca6b0ee581c2ea0df4ce3440bb7bca2a28f3f76e71670a2316f3562ca84fdf4172cf7f4951cd1c3a999504c585c32,5/4/2019 1:15:00,5/4/2019 1:30:00,728,5.36,,,,,16,2.48,0,0,18.98,Credit Card,5 Star Taxi,,,,,,
ba3b283077188b72911e65cb0305b0c2ed7815c6,b5de2ac75e8a58b60e932a3bc9cc7d48140029a9ca8917d8ed80c5582e9eb42938ee33072669abfcf0e5970c49cfc2884f3245bb4c597062b1fb9547412c84a9,5/22/2019 17:45:00,5/22/2019 17:45:00,480,0.8,,,,,6.5,3,0,0,10,Credit Card,City Service,,,,,,
ba482e8baa5cd304abfe770650f3f8af89af1302,678d78f18afa9677b7b2661e967aaa5dff025f6f77505e7e07f05a393afea8d806c5f2b402ce4f83bb3b50cbe0d845c6ecb5ce7489a30ac7733269a2d9bfedf0,5/19/2019 14:45:00,5/19/2019 14:45:00,240,1.3,,,,,5,0,0,0,5,Cash,Taxi Affiliation Services,,,,,,
ba3945c43bdcefd2e6d7cff43374d8e6049cd59b,e64275101114ec6cfacc200c2bab09d7d4e128b5f6fd4cad1db03ff64b96c9bfbcfcf1c77239fd43d897539f8cbfc7e8da784bb7cebe0a7b83bf21233a46fb4b,5/19/2019 15:15:00,5/19/2019 15:45:00,960,3.1,,,,,12.25,2.65,0,1,15.9,Credit Card,Chicago Independents,,,,,,
ba4398085f71b8c9b6e2912675c83394f61c6eb2,f35fcc7d28fd3ca0324ad6b42c6bf1dd0413320a9c4b65cb10b92def1ea763bd2bd706f4e189be46b08d37e56f1ddb72f06d89e6a64e0cb7172e3618e519c33e,5/26/2019 22:30:00,5/26/2019 23:00:00,1680,18.3,,,,,45.75,5,0,4,55.25,Credit Card,Medallion Leasin,,,,,,
ba3f844010efb77ade01e64f6401b2edeca7f793,0574d247700e50d1fb996084c8b1c649bf57effe419a6d3f66fe6bed55bc449a2ce4da351b7059de6cbdee6999236927097dfa63965f5d6ba08db9ea7bb1f0e1,5/11/2019 13:30:00,5/11/2019 13:30:00,58,0,,,,,3.25,8.85,0,40.5,53.1,Credit Card,Flash Cab,,,,,,
ba47d3ebf61d04d5ea337993edca02978156f955,e64275101114ec6cfacc200c2bab09d7d4e128b5f6fd4cad1db03ff64b96c9bfbcfcf1c77239fd43d897539f8cbfc7e8da784bb7cebe0a7b83bf21233a46fb4b,5/18/2019 14:00:00,5/18/2019 14:30:00,1800,12,,,,,32.5,0,0,4,36.5,Cash,Chicago Independents,,,,,,
496ac975dadae6268d353e120f683bc359c1d568,daf945fb8e25eb32a49824dda26e56441467cdb86f7d9d20696036ff98eb8ba07ee7f45907174f270cb9cc9de88f0e8fc6a69d73956307d649bfdeb30307a43c,5/10/2013 14:00:00,5/10/2013 13:45:00,,0,,,,,10.65,2.13,0,0,12.78,Credit Card,Chicago Elite Cab Corp.,,,,,,
ba43c83ef3b471d509335548cd27bc177d867af4,ce2fdf72180b2899ac6fd35f77ce1a9a47f277ebee7b2add18a7cc5a669d9762c6fb3cb1b42dcfdd3b532ee95a221c5a7575d017a87242518afcdeba0a18c1d2,5/1/2019 16:45:00,5/1/2019 17:00:00,346,0.63,,,,,5.5,0,0,0,5.5,Cash,Flash Cab,,,,,,
ba47355bb5361f16afa1787c4c46b184b9fc17c3,8a7a9d350d752cd6d0d4d8581a0525d3a6e34c8aeb868dbe83b20840b12a68084bc6ba1818b1bccb5b77b1f49252fc1c4ef5ef1f3dd02b5bd83e1742ae004864,5/4/2019 20:45:00,5/4/2019 20:45:00,240,0.8,,,,,5.5,0,0,1.5,7,Cash,Star North Management LLC,,,,,,
ba59a8c2bee92c0735f48afb8eff6a22a8006b1d,d995c4ae557f5a0407f517ea59e9eb3ba2f50967880dbf45fb50995a2313c8e522f3cc5b19782a748d9e7c2fedd495ca381b0bb78fc208d37c6c31571f1aa316,5/24/2019 8:00:00,5/24/2019 8:00:00,163,0.96,,,,,0.01,0,0,0,0.01,Cash,Flash Cab,,,,,,
b80c703a31639b6db798829a5779e8a69f947888,91497415a660769fc8f14112338deaf6aa43b307f2a43cd9e5d1f25363bbac9692f94d83ff6c332da6b35ac21a9345c59cb0475b258f6090dc263aa9ccc46600,5/14/2013 17:00:00,5/14/2013 17:00:00,,0,,,,,39.65,9.91,0,0,49.56,Credit Card,Chicago Elite Cab Corp.,,,,,,
ba53e7c5e30166530cc6147fa5d37ea7ebe9ae80,964d179d99b31a4d39ffe0d00da347d492e916870018ac2085c0da86caa777439c46e9a7b5edc4624cc50e49d98cfffc493f0bdd7327d6be4ef890de7226bf4c,5/28/2019 16:45:00,5/28/2019 17:00:00,522,1.3,,,,,7,0,0,0,7,Cash,Checker Taxi Affiliation,,,,,,
ba4bc37415d71472b51a376466c7a261513ec1f8,01480513a7f6f4664d6cc4c41ff3043ae6ecbc8cb17404f45de6db711747adf72cf309207bcde58413778d568f67a548640421aedac9a6f961b6919b6e662e8f,5/24/2019 2:45:00,5/24/2019 2:45:00,0,0,,,,,21,0,0,0,21,Credit Card,Blue Ribbon Taxi Association Inc.,,,,,,
ba502a844cde4bc68a6824232ea53dc1d2ab1f36,88a493149cafbde5ddde0280c77cc90c26a015c260df782862778150cb2e0dfafa209fad1dd859dd247e43970899c6dbdee5b033cd68ad5beae5af387cd1c55f,5/7/2019 19:30:00,5/7/2019 19:45:00,1500,14,,,,,36.5,0,0,24,60.5,Credit Card,Top Cab Affiliation,,,,,,
ba54d12b8e15ff28a817505a0b932d082ea17bc2,8ac81cfa2ee2c29b19f8fa21ed92b908d46bedc9d4055cc7a0fdb96adcc45d97855d9d1ffea12f3278749087e96b78ebb22908f8c1bdd50995f2990942e0a4cb,5/8/2019 18:45:00,5/8/2019 20:00:00,4351,22.7,,,,,60.5,0,0,1,61.5,Cash,City Service,,,,,,
ba5b6fd6e1e32a53a2b8b6eadb2f42d41ead3dce,fcaa473b1a8f982e6a4e0d0a1d8913c60a0ab87a1c4019819185f7301eb259dffff8e2d4edb33d07194b2aeac874513dc61977a7fa40c3b5f93702a209468205,5/23/2019 21:15:00,5/23/2019 22:00:00,2568,15.21,,,,,66.5,13.4,0,0,80.4,Credit Card,Flash Cab,,,,,,
ba585860a7d30026fffea24e7390ce754bdcdc4e,28ac0194e9142ad4623904b5724b4ca706200257616e6140f1a7c33266b484b1fecbae4ea46f0f36a69cd91ef201b865a2b07577b3e51007c86b689bfc07a459,5/22/2019 17:00:00,5/22/2019 17:00:00,180,1,,,,,5,0,0,3,8,Cash,Star North Management LLC,,,,,,
ba572ef0b0e8f1abe5c0339b92ba0be647f019af,9cf781e3591ef0900a7670c770394eb9318d418bd2e72d02e3411d7e38590ef58c32543e7d1adfffc7af17dd5f3b84931b5341c659972775631b1c2f0dde727d,5/2/2019 19:00:00,5/2/2019 19:15:00,540,1.5,,,,,7.75,0,0,0,7.75,Cash,Chicago Independents,,,,,,
ba5a952925d575241e0ff5dab6257339913615fb,ab4287da1ba55135bc5d97b49de7d8e7dd6ca66c42d0b046eb0c2060cd9c4ae7a8b286a2f7a40608cd768537f744ac302ef03db9ad415efae55145f7607d491d,5/19/2019 13:45:00,5/19/2019 13:45:00,0,0,,,,,210,0,0,0,210,Cash,Taxi Affiliation Services,,,,,,
ba548de8dbecdefef516f7c61d180109693fdbff,77b0baaf4e271f6fadb2eaf15ab5febbf97450e2a9b47e0d55bfd80d561cf56753c4d7ff89ab0b7d9da5d6c19609d8d43132e67ebc2c2f30d77e4aa25c6bf8e1,5/9/2019 20:30:00,5/9/2019 21:30:00,3528,20.3,,,,,52.75,11.65,0,5,69.9,Credit Card,City Service,,,,,,
ba569302ec8dea61345e54784b57eabae76c73e1,c5af7d40b837447125ea981dfbc033b41265ae3e44f4569035fe6a62bf1be2b53625a696c17c14f7fa829f844b9ff3653631c709723f70541549c8f5b3bc61a6,5/13/2019 16:00:00,5/13/2019 16:45:00,2372,13.55,,,,,37.75,8.5,0,4,50.75,Credit Card,Chicago Carriage Cab Corp,,,,,,
ba4f6c9e236bb68f36c914b5f3e674620e46d045,c4bc916f9118333bbb96efeb45a241ec72d4954691b8e833bcbe367487556147d732f97b8da733044cb3e303e2d55632a02b4709370b7c9497cb77c29db4d180,5/13/2019 1:00:00,5/13/2019 1:30:00,1380,17.4,,,,,42.75,9.3,0,4,56.05,Credit Card,Top Cab Affiliation,,,,,,
ba4f91628a9167bc510634e3900441436df201af,24b92618e8b1d13a0f6a1c79fae29f97b0ad146b5c988504951f6e65528390cb488abf88e66e6fecb54cf6996f55be971b044d2ef55d5ebb01133addb9bf1ca2,5/22/2019 19:00:00,5/22/2019 19:00:00,0,0,,,,,37,6,0,0,43,Credit Card,Suburban Dispatch LLC,,,,,,
ba596a4536c220baff11ce0a72ae484beb77f6d8,e2a59763803fca0c84171bf7769d196a6229863db67c41f8acdd64b45ac563743de61480d115dde25701785453913064bd35fe6824673ede2a4a0c75c7daad68,5/31/2019 14:00:00,5/31/2019 14:15:00,624,1.8,,,,,8.75,2,0,2,13.25,Credit Card,City Service,,,,,,
ba54d142e6fa5a0ee66c90467279274957936f5d,4e902eb187e3942c1da821c8aa349fc848c6ff3f71f1070d2e5f1dd3d95e06540fb92fb47a9075d3af689fec539a9701502d2c4e3656b41b2ae656461c28243b,5/1/2019 18:00:00,5/1/2019 18:15:00,456,0.93,,,,,6.25,0,0,0,6.25,Cash,Flash Cab,,,,,,
ba4d27f5425c0257847414ebda3546ea93130a44,7e1823441ac9ce79eb3ee2d1179bbffb798f9d765594c75a18cbb6b7135d766c71b4dce1052baf145e269de742144b995309020a0d90a4832ab685a5be901d0d,5/14/2019 10:30:00,5/14/2019 10:30:00,540,1,,,,,6.5,0,0,0,6.5,Cash,City Service,,,,,,
ba4a8e9b896420b425c1cf7f71030f3504803044,c1774b15c58d68c3a96a5990a1d0988703e4eb7a47ab764af30b07a13fafb374f4070ba3b72b292a3f3946287b0219b448a6a1e0e28c66aae25ef5204d63380f,5/1/2019 20:30:00,5/1/2019 21:00:00,1682,16.29,,,,,40.75,9.05,0,4,54.3,Credit Card,Nova Taxi Affiliation Llc,,,,,,
5c302948216dee74956b5badf45c956611497ef9,b435ca1bc185bf91e8952f666c80840f1000ccb6561d3b4ec0628742d9daf7028a4c316b86f680e7c5e275967f8fe1c6616ed5702baac3057124b33de2f0cfce,6/24/2013 15:15:00,6/24/2013 15:15:00,,0,,,,,31.85,7.96,0,0,39.81,Credit Card,Chicago Elite Cab Corp.,,,,,,
ba5a0c4130ee4c9b71508863de5cf03bb7b97485,25d14a6b429ecc54f2b698138ad74b351829a70fdff7887ba12ecf5597880f9c7aa6b097306b088316356779cf11b0a1533ee4c74e1024ec96aa338bf7bfa3f0,5/17/2019 18:00:00,5/17/2019 18:15:00,862,2.35,,,,,10.75,2,0,0,13.25,Credit Card,Sun Taxi,,,,,,
ba4d1c2905174bc740b0a92ea905f97ad448760d,259d38cfdbc9ac6f9bb01f0df740e0ddf4a631a70bbdd6525862b20b7ed0e0554dbbde64c2955b8b6f41468c8970e5507490db36348f884461783472621bda08,5/1/2019 7:45:00,5/1/2019 7:45:00,180,0.5,,,,,4.75,0,0,0,4.75,Cash,"Taxicab Insurance Agency, LLC",,,,,,
ba5a5e9145d6b0e1a31a3ff83bae5e91845459d8,d96ae448797afb997073c20b6bec963b3d693a3683dfb0e7894a5ac3de50e17cb15bb2a5c5c7860a5ced37de4a8df5cff14b317055309d6a5752f5520f739918,5/24/2019 13:30:00,5/24/2019 13:45:00,808,1.22,,,,,8,0,0,1,9,Cash,Flash Cab,,,,,,
ba548b7220939964cad5481b36605c91d2be0296,eafd27c0f4159baa8505a60207a3698501002905ae6f9acb7560cc8cae750487170e6a0c43e9018376448703487f1788b1a4eb313bdc339f3dd6f6d3a90cf19d,5/11/2019 14:00:00,5/11/2019 15:15:00,3960,19.1,,,,,49.5,0,0,2,51.5,Cash,Chicago Independents,,,,,,
ba4d35d55f84739cd2d822188032a956f8a5cf0f,39fcc3d9781f258789e5cb0c418225fa2e1901323ee1fe7301db7768d69935a71bbc4eeb2b72838751a9981ed5f7249967be620cefa5e6ab5a533c2da625a34a,5/13/2019 17:00:00,5/13/2019 17:30:00,2010,12.7,,,,,34.75,8.05,0,5,48.3,Credit Card,City Service,,,,,,
bfb4919edccd147ee96c0614cb0db787246a5008,40553e8f5dd41c0616cefb9595fd14644b299062f7cf5fa70491aaf71b61cae61dafa4e096f210e2139575955eadc267db83ba02e7761ecfb6d0c18b55258179,5/9/2013 13:15:00,5/9/2013 13:00:00,,0,,,,,9.45,0,0,0,9.45,Credit Card,Taxi Affiliation Services,,,,,,
ba507a5062ff01c6870003f8b74f03b08b503044,8251ae1a546f4f2079a91222c214a11b5a660aad9861a8972e5ef6690c087cc4463037d37cdec907dbca2e57813105d2a580ab97fe913a908b3d9aa15eed099f,5/27/2019 22:15:00,5/27/2019 22:45:00,1597,18.3,,,,,44.5,5,0,4,54,Credit Card,Chicago Independents,,,,,,
ba4f0f833ff47b5527ed592ca71a03d3b644a7dc,712b8b176e0f984a78b0d7c4b37d2a3b60cb0a8ae40debef56e08e186216504aff58a45d36cbabc39465f9d3cd409019b61f0b8edaeb40661f640dd1e3f347d9,5/2/2019 15:30:00,5/2/2019 15:30:00,0,0,17031828801,17031828801,,,2,0,0,0,2,Cash,Taxi Affiliation Services,,,,,,
ba6b6c28c8b9027fff104b87fe086753685c634a,712b8b176e0f984a78b0d7c4b37d2a3b60cb0a8ae40debef56e08e186216504aff58a45d36cbabc39465f9d3cd409019b61f0b8edaeb40661f640dd1e3f347d9,5/16/2019 15:15:00,5/16/2019 15:15:00,0,0,17031828801,17031828801,,,2,0,0,0,2,Cash,Taxi Affiliation Services,,,,,,
c589ac8049421819f4f21794a8bd08da5f0af942,075e6e86945bed6f219933b5e74ec0decc89a1e579d11c43b8f8a4409b3ced0d11116312cc4c4b42865e78a7fcc858a44fba22f31b0ca449ddaf402806be3fdb,5/9/2013 19:00:00,5/9/2013 18:45:00,,0,,,,,10,0,0,0,10,Credit Card,Taxi Affiliation Services,,,,,,
ba6e83f954e55fbe580086b6dafaa5b95d4d307e,d930ba332bb243705d1cc64ee760a667d6718e1384db2eee05da3c0ad80deb990f3155e832f417edfb8825e73c4a86b382eaf3faa7d7f01474568ff0584ca1cb,5/6/2019 22:00:00,5/6/2019 22:00:00,60,0,,,,,3.25,0,0,0,3.25,Cash,Star North Management LLC,,,,,,
ba6a4c2cdf521801b3692a3e7300bdaf4878f4b7,78a7a28fe001257044d5095fcb1ff7156a47411ff93cc5ea289fbb93cce4c7e0906431b65275bfc8211a8499f28ec8cb88ad009093e6f7317e11662ba1521b7a,5/7/2019 17:00:00,5/7/2019 17:00:00,420,1.2,,,,,6.25,1,0,0,7.25,Credit Card,Star North Management LLC,,,,,,
ba6f2365c8e2bb0572fb7c5f8f8fb2c946ef24a5,f4ee09a2e3a61fdbfdea39682a992ae964f3387ae8b96206cf2e5a6452354ba1211d8f855280035dfc3e1ecab52498e751f75c3c42730f4f7ae8c7c47b49516f,5/12/2019 4:00:00,5/12/2019 4:15:00,1320,16.7,,,,,41.75,10.05,0,8.5,60.3,Credit Card,312 Medallion Management Corp,,,,,,
ba6978e0a1fa14995b136de4ab0509cbbdea4e1e,48f864be73241484cbe1209ee089fd19e4c3c2fa37714e90380c48bee2ec880b54342a52b878d930fd23927563dc5f6a53094a8dad83830d42b21b4347313c38,5/20/2019 21:00:00,5/20/2019 21:15:00,411,0.9,,,,,6.25,0,0,0,6.75,Credit Card,Chicago Independents,,,,,,
ba6532e18995aaa6ee8bd2c6dff24d0afec10d27,edd72a023f2bffadbf0081c4bb036a7137fec79c3e9ce49125d9e5433be96896d5adf0ff5c5bae96d42d4e4c549cbfaed607629be4e7ff09649b67ad2c02e044,5/6/2019 8:45:00,5/6/2019 9:15:00,1554,11.72,,,,,31.75,0,0,0,31.75,Cash,Flash Cab,,,,,,
ba610d4678b90d0869dcc2e5e3ef9cb520d2662e,f54427c55effd88638382dbec9828c89fd2580d13c166a073866fcc687db98a55b1b7a96b05669e887ca9ca72fef361546d4c5608c75b82afb62bd042e6d1489,5/10/2019 10:30:00,5/10/2019 11:45:00,4777,1.07,,,,,31,0,0,0,31,Cash,Flash Cab,,,,,,
6406b3ee70c62a52d354699a47d086bf616cfa3e,0c8698dd0e6d968d193771b14459e0ad120684b5fb14d04152d815eedd554ebad815982eded546f25a641abc2b05630479e372a1210098ef83fe82940f942e5a,5/16/2013 8:15:00,5/16/2013 8:15:00,,0,,,,,9.45,2.84,0,0,12.29,Credit Card,Chicago Elite Cab Corp.,,,,,,
ba606deca062fe6bce199776b3305a58ffb6ce7c,af81055879d24a95160c247f6cd3e00fe32d181008290277ce6c561770e1d4a3103e389b411802e76dbd53b1988e7e743575899645ee81f5bf218968a64592d3,5/5/2019 18:15:00,5/5/2019 18:30:00,796,2.63,,,,,10.75,2,0,1,14.25,Credit Card,Flash Cab,,,,,,
ba660b9b9b6104f48f7e74c88aa84aabcbad3018,606c0afda95a807ccd4e9fbc33dd6705bc10cdb402ce013392c9c7d2adf1f566bba0ef5b31f0518f593edc179c642b98dea146592d43f4d15475156072792d8a,5/3/2019 13:30:00,5/3/2019 13:45:00,660,1.9,,,,,9,2,0,0,11,Credit Card,Choice Taxi Association,,,,,,
ba6e82e6963f952b51ac732dd45000aa50000292,b2b07517d85bd32877ebcb6cde2612890f5796e00458a9b1173d7dffd1aaf39486d6d2544c32bb706c64fb8119c7ce959801af5a95cc32ae6156aa32585b4af2,5/12/2019 14:00:00,5/12/2019 14:45:00,2354,16.67,,,,,42.5,6.45,0,0,49.45,Credit Card,Flash Cab,,,,,,
ba5ea4b54a0ed1415fd7fa268a068cd59d4896ca,5e00ac77728ae1790a517495300680a2ff69fe9a569218837f8317cbafbd9b0fe9d587e28719848408f84f86a8f5366ec32632980bdcaefd8fb635fd6cbf8ff2,5/8/2019 8:45:00,5/8/2019 8:45:00,430,1.42,,,,,7.25,0,0,0,7.25,Cash,Flash Cab,,,,,,
ba64f13c168a278fd36248cef8bee9fcf1251a6c,bcd49910fa803d81e2c225dd18fb93fce4bd4195594c497dee6a233693e89e2aaf56641f5d2af3d09904636f606a43d4159942a440412d8e3ab16c5a989b5783,5/22/2019 10:45:00,5/22/2019 11:15:00,1907,1.15,,,,,15,0,0,0,15,Cash,Flash Cab,,,,,,
ba70116ba24260d77a8d91bb52a9ff8a22011b93,9a26991eb0f188c6b8c8ad555d4fafbd9c3419259bfbd955a6268c59e1c1870e49037ecf205e53ea82dc3770c2f0286fa356df846369d7d3783a6dcfe726304d,5/12/2019 21:45:00,5/12/2019 22:15:00,1980,15.6,,,,,39.75,8,0,4,51.75,Credit Card,Choice Taxi Association,,,,,,
ba6414e92d660a5573354a88f8097fd41636d466,9438f1a06c0b15e97ee8f916f33494766f5d663d6273caba6a3c77809ca1882811e9e30e5c2ad2d24c87a33e49e12e470a3bcd0b419102175db8f3067b419b4a,5/12/2019 14:15:00,5/12/2019 14:30:00,663,1.77,,,,,8.25,0,0,1.5,9.75,Cash,Flash Cab,,,,,,
ba5fb636950af2e048039fd6f7a65c8fad307404,67492f30cea5835460bdf432575c374bbccf9b6fc50ce5eac6587739d2d20fdc6019cfd6652f30374aa71b53800c9cb42985a29877af8958b31c2006b40b35db,5/30/2019 6:45:00,5/30/2019 6:45:00,562,1.7,,,,,8,0,0,0,8,Cash,Chicago Taxicab,,,,,,
ba6b4a31df16df4a66a6a51a0967ef38b542c8b6,b71b6ac8ce80a63f080b0b1797320425c67b74af57bdd77d2567632a4c995f1e646d7b441fc74e900ad1288414a110d7056d04101347d06d91149f3800849e42,5/6/2019 7:00:00,5/6/2019 7:00:00,98,0.4,,,,,4.25,2,0,0,6.75,Credit Card,Chicago Carriage Cab Corp,,,,,,
ba6f9614b373efb2018c6238c5522e25fe109fdf,f9aee16b2de2973e98d52db66fb4a63a8dfd859ac95f9a5fa3dc2c2af2b8b4102d6b886a9115509152a8fa875eeea7f4faf1814323ee61c49974209d31404a65,5/8/2019 7:00:00,5/8/2019 7:15:00,646,1.9,,,,,8.5,0,0,0,8.5,Cash,Blue Diamond,,,,,,
ba6d00995cd37771f9cd367940d94d9b1cd7602e,90a7aec2f4f918493e331f2513e028d5e4b9e67f83d68ed4f747ef935c5f843a9090694204ff6d714b2cbc2a4061d843d812d9fe114a9f3e2b27515d644551ce,5/16/2019 23:30:00,5/16/2019 23:45:00,540,1.3,,,,,7.5,0,0,0.5,8,Cash,Star North Management LLC,,,,,,
ba701711d3ece49b99ff19b7285a6751fc80a19b,8896af10a4eb11443de2996646e28c69acd22036414c3ba8e6768a5cfb18e1c4736c744678f4b1453dba05c5386f7c9adfe6ffb696df1fa97023e123e31e32f5,5/7/2019 20:00:00,5/7/2019 20:00:00,300,0,,,,,6.25,0,0,0,6.25,Cash,Star North Management LLC,,,,,,
ba6637f47fe7858bbadb9beb8c521390ab8a75f0,34420c09ddb5a66884e00ab8322230f6c75705582d608dde16ad25ced37809796729102563e8ae518531f0f4271868bf3f2aa42e0661fdeab32024d6d853437c,5/6/2019 18:30:00,5/6/2019 18:30:00,615,1.32,,,,,8,2,0,0,10.5,Credit Card,Flash Cab,,,,,,
ba62aa0666e8557414079bb6890a5b01b5464073,5f337925e215d6ea2d9b444d0d02af68ee51437bdb49db236b331bb95fdc7c538bf04609b2a6af0ba221d965bac63bedaf0203e28e30c33273b2d3b88ab1961a,5/17/2019 14:00:00,5/17/2019 14:15:00,482,1.67,,,,,7.75,4,0,0,12.25,Credit Card,Checker Taxi Affiliation,,,,,,
ba66e9ba784c6ff3ee52d70144a09863a63d5271,1c42c627375b79ab89fd3e55c3ad10309264d758ac270d824e70c17e727c0299c3b93397c398829f9e2243ef30804bbf0cf24a2c25bbd812e9c3782d0245cf9f,5/17/2019 23:15:00,5/17/2019 23:30:00,480,1.5,,,,,7.5,0,0,2.5,10,Cash,Chicago Independents,,,,,,
ba636a5f7b449841c004f0509c393b133184af24,da6f829d43ef9293b94c21a502d12c9a48b2a7d7b6a886c937ef80db9f7c8956bd61268962bccb193ed08e9398a09742cff99971c5cf63f321096a51b5c1e5a3,5/13/2019 14:45:00,5/13/2019 14:45:00,205,0.99,,,,,5.75,0,0,0,5.75,Cash,Flash Cab,,,,,,
ba64dbfd2136f31ca0538d17cfa82274bb775d00,523c7cc928410364869565991363b5412e81baf6c4dd6922e1ecbd627030f208ba6d57887e9ac93ec89ec62eeb0c3087fa5dc2adfda14488119694e15d03142d,5/6/2019 13:30:00,5/6/2019 13:30:00,360,1.3,,,,,7,0,0,0,7,Cash,Chicago Independents,,,,,,
ba6a81dde2799a3ae6057d786fdf7af1be361281,c157870bbd395a664de1f3e6f7868b3b89472295c4e2d6ef90c81e6bea2762da796d6a669f8f919194bce1488f550be449c2cede492eb4a1e3e0134bbda181ab,5/6/2019 21:15:00,5/6/2019 21:15:00,540,2,,,,,8.5,1.5,0,0,10,Credit Card,4787 - 56058 Reny Cab Co,,,,,,
ba6567e7add869c4e1713861d4f32596660bd054,da8b538d2ba568160ef297c19d5937da010d5cda8d3ea7c898964f90f831c32df752030f000bf676fb4ed0491f9212a69a58512e03b38f53784587847ef47c05,5/20/2019 12:45:00,5/20/2019 13:15:00,1740,0.7,,,,,33,7.7,0,5,45.7,Credit Card,Blue Ribbon Taxi Association Inc.,,,,,,
ba650270af0a8289350b4d08b5c7cc103ddbffb0,da1ac6e3adb95896fb958efa788eef3ce4503943a7bbc32635953841add6ab2f11004ea7e12964420cf1a3e0b5a0f20c05029e2ffe6e432a5a58a9f2fd8fbb4a,5/17/2019 18:15:00,5/17/2019 18:15:00,0,0,,,,,8.25,2,0,0,10.25,Credit Card,Suburban Dispatch LLC,,,,,,
ba6531c3d11c7e4fe20eb424b2ae88a40121a9ce,740b5605a300a8df7c54950649d5ed9ff6292e7ab9392c9943716498d34e4b19eca419e322a11e9e7f3675eec489a19bc437e0430d274c4fc838f723cadd92b3,5/5/2019 20:45:00,5/5/2019 21:30:00,2626,17.82,,,,,45.5,4.5,0,4,54.5,Credit Card,Flash Cab,,,,,,
ba65b11c6b292b0e8f7a6761741e8230ad8b17c8,2b96ddd6669548a38003cfad8f3e5373280257662377cb390d59c3c6ffb511cab874317a6097aa11cce1527b0e41f1c1a848c2553099a0e3e1e98c0787abb137,5/7/2019 13:30:00,5/7/2019 13:45:00,540,1.2,,,,,7.25,2,0,0,9.25,Credit Card,Choice Taxi Association,,,,,,
ba85362f571345a31774ea6b418dd52e6b4b8d6e,d31f81c999a017a3516da0b9a9fd96abf7e4ea8333e94a9524d388b73500763cb08902fb384917a0d5d72ec3d36b97f4e662ac4bd9a0bd457de3042e1fc27694,5/24/2019 9:45:00,5/24/2019 10:00:00,443,1,,,,,6,0,0,1,7,Cash,City Service,,,,,,
ba79f60974e452f2609af913001854f6a4f84d3b,259d38cfdbc9ac6f9bb01f0df740e0ddf4a631a70bbdd6525862b20b7ed0e0554dbbde64c2955b8b6f41468c8970e5507490db36348f884461783472621bda08,5/6/2019 8:30:00,5/6/2019 8:30:00,240,0.7,,,,,5.25,1,0,0,6.25,Credit Card,"Taxicab Insurance Agency, LLC",,,,,,
ba75a56bd071390d90b3f57f6633202565d6f49e,f9aee16b2de2973e98d52db66fb4a63a8dfd859ac95f9a5fa3dc2c2af2b8b4102d6b886a9115509152a8fa875eeea7f4faf1814323ee61c49974209d31404a65,5/25/2019 11:45:00,5/25/2019 12:00:00,462,1,,,,,6.5,0,0,1,7.5,Cash,Blue Diamond,,,,,,
ba8371f4357dbe22888c11b31152c0d5f95ad148,692320c13d5f7819864fb57797a53cd467452176b95411b54715acf8af840d610799129383a0c79c80b59187f8a02c67b6c3c6fb57eaa6374b16a333cacad503,5/8/2019 18:15:00,5/8/2019 18:15:00,480,1.11,,,,,7,1,0,0,8.5,Credit Card,Nova Taxi Affiliation Llc,,,,,,
ba7c93d3c157a7822aa95881fc017827143a1d77,22548e10dab3e149f756cb9283d6314073c0166532b8595071c6be35fa85cd200848eb97ec2c397cdb946f80bc585498c3d59296c993cdb5c754d6da87826a02,5/11/2019 12:00:00,5/11/2019 12:15:00,540,1.4,,,,,7.25,2,0,0,9.25,Credit Card,Choice Taxi Association,,,,,,
ba76d9a11f2f04120b88e49b5bcf770c9654722b,28ac0194e9142ad4623904b5724b4ca706200257616e6140f1a7c33266b484b1fecbae4ea46f0f36a69cd91ef201b865a2b07577b3e51007c86b689bfc07a459,5/24/2019 8:30:00,5/24/2019 8:45:00,600,1.5,,,,,8,0,0,0,8,Cash,Star North Management LLC,,,,,,
ba84292c08c38b97f7223fcfe7e85d9890b88eb7,c430e63b6b17a9e87b597ec2c292765caa433dc203ce1ecf719fdf01c6e0174311911b4d5f45add97bcae04248430cf2b2c78516e3f77eddcc25cbd83f79f9bc,5/24/2019 17:45:00,5/24/2019 17:45:00,300,0.7,,,,,5.25,2,0,0,7.25,Credit Card,Star North Management LLC,,,,,,
ba7f5ccb7bce15ca63823cb1d796b1b6e3de82f3,b6a410ed12c91dceb1a408bbefbdfb46823085c6fd190714454ddc11792deb429142e5f28cc135805bb1fba18130778fd4487c2c350b2bd7f405f9041a2ee832,5/3/2019 9:15:00,5/3/2019 9:15:00,540,1.9,,,,,8.75,0,0,0,8.75,Unknown,Choice Taxi Association,,,,,,
ba76a2917279f260e9b2f535a04c6f34f80346a0,f54427c55effd88638382dbec9828c89fd2580d13c166a073866fcc687db98a55b1b7a96b05669e887ca9ca72fef361546d4c5608c75b82afb62bd042e6d1489,5/10/2019 21:30:00,5/10/2019 22:15:00,2375,1.87,,,,,18.5,0,0,0,18.5,Cash,Flash Cab,,,,,,
ba8243907dff2b0275ab8267819697849eec7ba5,d7de5a594d0efed735dbce1fe6b9ae0651df194867e00426b93f70cadd9c00ebb6e0951de8d95cf4a50a32eb302e46f0c092453bcae803baa0a3b1b547979592,5/3/2019 15:30:00,5/3/2019 15:45:00,240,0.7,,,,,5.5,2,0,0,7.5,Credit Card,Star North Management LLC,,,,,,
ba780eea69da187129a60f2713b7154d26653068,b75e4a5f5666b60eec9f1446230f23270002318dd86ff0d2e0969afddc155fcd5bf394f221e4954373376133f389c74317f7887cbad925effd10a4c722654607,5/22/2019 15:45:00,5/22/2019 15:45:00,480,1.7,,,,,7.5,1,0,0,8.5,Credit Card,Star North Management LLC,,,,,,
ba7a5e0706c18a63aedd1fc0c13f5e3847e95740,2d8a293a93039174226fc33c4540e50f686d7afa53fcb0507311b7263c971b732c842670927afb9c0a38e8b542b218b7c71bb82cfea8496abee562fc67177400,5/29/2019 16:30:00,5/29/2019 17:15:00,2175,10.79,,,,,31.25,5,0,4,40.75,Credit Card,Flash Cab,,,,,,
ba7292f9cb233c7dd63e8bd14941e82014776d79,da1ac6e3adb95896fb958efa788eef3ce4503943a7bbc32635953841add6ab2f11004ea7e12964420cf1a3e0b5a0f20c05029e2ffe6e432a5a58a9f2fd8fbb4a,5/20/2019 22:00:00,5/20/2019 22:00:00,215,0.26,,,,,4.25,3,0,0,7.75,Credit Card,Flash Cab,,,,,,
ba791a71926afb9661d25f4c90aa275c614f4ddb,692320c13d5f7819864fb57797a53cd467452176b95411b54715acf8af840d610799129383a0c79c80b59187f8a02c67b6c3c6fb57eaa6374b16a333cacad503,5/8/2019 16:45:00,5/8/2019 16:45:00,300,0.43,,,,,5,0,0,0,5,Cash,Nova Taxi Affiliation Llc,,,,,,
ba76bd09a2032a15fc50af383f8932cfea8cfa31,6bc9a4b2f488c8531e48dd2a8c10459515b486fc16d78ae70a6244b99096d2658cf51cf9dd981a8aa05f3d7e6fa46809dbf53e80125333a9d4d336701f4a63e6,5/7/2019 13:45:00,5/7/2019 13:45:00,690,2.08,,,,,9.25,3,0,1,13.75,Credit Card,Flash Cab,,,,,,
ba78f3bc92177d94ad3605a45c4848cf80e5aa14,d3f2612efdbe780e9f6d52b42832fe4622f8b7f9ffe432bb311ae7bc3c6ad1dfa93a1a39f1115825306d7d25734d0403d21340c2568933a0f817ca1bc0ebbe58,5/19/2019 12:15:00,5/19/2019 12:15:00,331,1.44,,,,,7,0,0,0,7,Cash,Chicago Carriage Cab Corp,,,,,,
ba77e6e189bb41fbb407c6d4add8c745a70271f2,a3715bdf7bbe4780c74ae3ef616fb1b7e0cff450b2c93aca6ad4e8b7371d3c06a896518ec3cfe3e9b652dc3c08f24fbafd0b1bd06e50cc1d48d22479553f0264,5/15/2019 7:15:00,5/15/2019 7:45:00,1568,11.7,,,,,31,7.58,0,19,58.08,Credit Card,Taxi Affiliation Service Yellow,,,,,,
ba7974d3208b52d7a87fedb9c0da961b9d9b59db,8ac81cfa2ee2c29b19f8fa21ed92b908d46bedc9d4055cc7a0fdb96adcc45d97855d9d1ffea12f3278749087e96b78ebb22908f8c1bdd50995f2990942e0a4cb,5/31/2019 16:45:00,5/31/2019 17:00:00,1506,3.3,,,,,14.75,3.25,0,1,19.5,Credit Card,City Service,,,,,,
ba753275aa5edd6c3f087bb229ee0dbe1be8ceee,6c6bb220c0c5f895374a902ce390b95a3f928b11f7f7e5a5a44eeef8921ca0b886817b10cf54e3e25e60fe5b48770566acab12acf377db669159bb8c44ff87e2,5/9/2019 17:30:00,5/9/2019 17:45:00,420,0.5,,,,,5.5,0,0,1,6.5,Cash,Medallion Leasin,,,,,,
ba75c3a238efaf62818e79e4b5441b564dbe52ee,46b23d509813329c067fcaaa87708e5e0f3dda7ab1b4d24e027b5ebc033e313526ec8c406b4ed84eb7e80f7e899d6c7d84ac288da67d9281b956ae92b2c08d03,5/29/2019 16:30:00,5/29/2019 16:30:00,374,0.22,,,,,5,2,0,0,7.5,Credit Card,Flash Cab,,,,,,
ba7a4ee9be19c867f105d2df1964d5ad4c6e77ec,6b1d3e2e165890dff4c493e22358752afbe9e5930130d6844baaff153507c250174b8e4ddd4cbcea870f48ff000071686f9554ee8b3872a214fb0330eabfcc4b,5/22/2019 16:45:00,5/22/2019 17:00:00,1048,6.59,,,,,19.25,0,0,0,19.25,Cash,Flash Cab,,,,,,
ba768aac86a8c377f4a4124b5804730b2ab13265,5985b42dd0cbd4492cd51df71c1fd5dbed60edb96d589b7523ef35dc77c6c71f44a49c6f496ac294a51ca6584790e4ee608578553b82960ccb6de65f7bbb2bd6,5/21/2019 7:30:00,5/21/2019 7:30:00,200,0.49,,,,,4.25,0,0,0,4.25,Cash,Flash Cab,,,,,,
ba7dce3b159dab561bc2705b7a02a462b97f4b47,bf004d1789b51020a7b09551cf64d42330c8ecb336fa4e5288e15f823c19f9d75b2fdf4726072ef0ffed957ff7fdedd66e508dbd4c5a02b4233c8f65968e1d99,5/8/2019 9:30:00,5/8/2019 9:45:00,898,1.22,,,,,9,2,0,0,11.5,Credit Card,Flash Cab,,,,,,
ba7e3b46bb7baf7bc0a3ce4a7acbc495684ef722,b41adca9ab700712805f97bb45aa12c1163013bc7c842c946e034c4b42014ffed9b5ba923ab8f846d720e4e62c61d5717ce0df2bbf7b5f26c83327618f3da329,5/7/2019 9:00:00,5/7/2019 9:00:00,55,0.29,,,,,3.75,0,0,0,3.75,Cash,Flash Cab,,,,,,
ba7c8477bb98fe70bd850f07463dbc793abdf0f7,88a493149cafbde5ddde0280c77cc90c26a015c260df782862778150cb2e0dfafa209fad1dd859dd247e43970899c6dbdee5b033cd68ad5beae5af387cd1c55f,5/9/2019 18:15:00,5/9/2019 19:45:00,4920,19.4,,,,,55,11.8,0,4,70.8,Credit Card,Top Cab Affiliation,,,,,,
ba72b9c9f69934184c377d4926d5c7f5dc1c6ee5,2d0ed8e0ce18189d284bd2aadfb788b99d07edd8da90bc5a26bec2fc4f5bbac24f4843b5655df04dc51029c5183499035b5b60c5899dde7422a766a5854c0ec5,5/21/2019 21:00:00,5/21/2019 21:30:00,1500,17.3,,,,,42.75,9.3,0,4,56.05,Credit Card,Star North Management LLC,,,,,,
bb0f0d82bab55fbec41c9c50958375aabad8031c,7071f7e173f74218651dba7e929e7cf0205bb25b3551e574b13594fc2fa351c634861ec379cc93b42172072e49fbb31f3da3e6f47dea564882684f59fcff96f0,5/3/2019 14:00:00,5/3/2019 14:00:00,0,0,,,,,33,4,0,0,37,Credit Card,Suburban Dispatch LLC,,,,,,
9fdc301cbc5f484c67a074cb9216424cb2b78f23,7693ff2a2bcbd2540da7abe92e7c3b4a3c2bf06f9a9875805e0b682697230cfde3ed3facf9c9a804355251783c2ddd27d66ed372830e7b0ccbb43fe96be63889,6/23/2013 22:45:00,6/23/2013 22:45:00,0,0,,,,,3.25,0,0,0,3.25,Cash,Dispatch Taxi Affiliation,,,,,,
ba8667d1fc3df46d153d086f50f22cf858692f3c,d9b418798eff38cad71ed49fc9fa217dbe1aa91d4b6fd791719947ae60d6b8757b08c21ca4a339d6505ef62b300f4cbf0d2f83a5a12f1dbdcc1ba7106b156d07,5/7/2019 17:00:00,5/7/2019 17:45:00,3131,17.81,,,,,45.25,7.46,0,4,57.21,Credit Card,Flash Cab,,,,,,
ba8e171a1de1c183d3ec2d38038e42a25eb984a7,d8852c04d06413e43c4d2329da6db71bdc5b41176d56dd0f6b13fffd77a46e8f74f169045bd14acc2f518e4aae3b32ede2dc0b14a6ed3ba268c850414319d35a,5/1/2019 7:30:00,5/1/2019 7:45:00,591,1.29,,,,,7.5,0,0,1,8.5,Cash,Chicago Carriage Cab Corp,,,,,,
ba8b009975bef0d976e09cafa4adc5defac75fe3,1ea07d32f4c083a6055f21ead2ca1acad6f1dd6d39c52d75f96c620ce7a686120a0340b6fce6a93419d08dbbd95ea044021f52166f5fe05b4038955291ceeeef,5/17/2019 12:00:00,5/17/2019 12:15:00,360,0.8,,,,,5.75,0,0,0,5.75,Cash,"Taxicab Insurance Agency, LLC",,,,,,
ba87b9f8313d6bb8a68b1664732306d13b657cf2,cc7b5a6d5611e56d2bd3a5f5538bfffc47bf2f1d8691dea0c2405e2ac17a107ad9ed04c45ace5e7c15f96d77d27a1d07c4cc14485d5983ff097ca46706c5aa3a,5/21/2019 0:45:00,5/21/2019 0:45:00,0,0,,,,,2,0,0,0,2,Cash,Taxi Affiliation Services,,,,,,
ba8b2479a41111cc8680b09c5055fdb628ec75ca,8423aff4ae55153cc18d090c35b73b5cb6376b828d836df8886249451810d8a4b4acfa0f02861c0042317ce2eec824fff308bab887c9adc461e38286a8d0ad78,5/11/2019 6:15:00,5/11/2019 6:15:00,221,1.12,,,,,5.75,1.5,0,0,7.75,Credit Card,Taxi Affiliation Service Yellow,,,,,,
ba8b2ca9fb7951b943d1787f8cdeefe1dece0644,6b8bec9d4caa49041a1f5d31240ff8fa2e4c571aec89212efffdb018e288409c56b8659ff555e920b65af1f26b23cffe8c63f656f9875ea1a44b393ecd40a149,5/19/2019 16:45:00,5/19/2019 17:00:00,960,3.7,,,,,12.75,3.65,0,5,21.9,Credit Card,City Service,,,,,,
ba88f0490d680334f52465f6295f03e6c1ed4a2e,e63a07df4e12f9a8b3f91bfcdfabebf4b012cf01b3a7ab89d1176e78e49a93463437254bed0da4a0b49638b53e75299387297f5c10b29c140dde074041223969,5/16/2019 12:00:00,5/16/2019 12:15:00,544,0.9,,,,,6.5,0,0,0,6.5,Cash,City Service,,,,,,
ba88a1f34419f2323e71fb123cf01d03e9ba3f93,8610c1f93a86152116e9dbbf2ca1af8d721ad3f95416f609b053a0c6df426e13cc6a3b0d1fc7cc5074b563dd33787fea6adbce069c123f23dcd0ce1077144f37,5/23/2019 10:15:00,5/23/2019 10:15:00,22,0.01,,,,,3.25,0,0,0,3.25,Cash,Patriot Taxi Dba Peace Taxi Associat,,,,,,
ba8c72d0722a6e9353919b24ac48380125fb2cbe,38da359b5809a1970dce1d6723e217590f4cd1f8e80541b6524f8704089c4f064563caa7779299e50251b9897fc21e0420e628e75ca9f079276f3a98bc27d376,5/8/2019 15:15:00,5/8/2019 15:30:00,840,1.2,,,,,8.75,0,0,0,8.75,Cash,Taxi Affiliation Services,,,,,,
ba8a42eb39c9a5717957a947d2e4178a37f254de,14d334d4d5d6eb8415d5d0e700208f29bcef1731ad139642e999bf4cd30a8d59ce127f22ee33bee510b036ad11414480e52f42317f4a19b6019634e494585765,5/23/2019 12:15:00,5/23/2019 12:15:00,160,0,,,,,4,0,0,0,4,Cash,City Service,,,,,,
ba8a8a36f5c7ccd5e695d605aeb1509c8d6e7c0d,46b23d509813329c067fcaaa87708e5e0f3dda7ab1b4d24e027b5ebc033e313526ec8c406b4ed84eb7e80f7e899d6c7d84ac288da67d9281b956ae92b2c08d03,5/8/2019 23:00:00,5/8/2019 23:30:00,1744,17.99,,,,,44.5,7.35,0,4,56.35,Credit Card,Flash Cab,,,,,,
ba867611c96a0643cabe9ac560695dd52e0eb3a5,35b81d25f9e3f38374fc15fd3f76084311a7ab45e64ab70820bd570b6fedb05f275401926a3d47e640849a0161683668e04bc198a45bdc07fdd7afe96b28d518,5/17/2019 18:00:00,5/17/2019 18:15:00,1149,1.5,,,,,10,0,0,0,10,Cash,Chicago Independents,,,,,,
ba8f6cfab889ff8b9b7a3d15e10329e11aaff4ed,67cdd41437563bed53a4348a0a050d03bfb80df4cc25191b2408f6adcc9050322dad5f6076499235ff29110159df1b024ee0afaaf3ace3dc9af1fac4a1d368ea,5/9/2019 11:30:00,5/9/2019 11:30:00,240,0.5,,,,,5,3,0,1,9,Credit Card,Top Cab Affiliation,,,,,,
ba8ca6a30d47fbb10f6b5f5799d38ba0546bc5a5,67cdd41437563bed53a4348a0a050d03bfb80df4cc25191b2408f6adcc9050322dad5f6076499235ff29110159df1b024ee0afaaf3ace3dc9af1fac4a1d368ea,5/13/2019 19:30:00,5/13/2019 19:45:00,660,2.6,,,,,10.5,2.1,0,0,12.6,Credit Card,Top Cab Affiliation,,,,,,
ba9c86363520ce752a71858d38f43cfef6c86a93,fd2da3c465274925140779eb37aca0868e129d3d16c76f9fdc5eedc0ff58ee6c63eab1c888987fcc8e40b7f054c4b5590c91eb9b5eb0b3d4f745d2955c094b2c,5/6/2019 18:00:00,5/6/2019 18:15:00,392,0.89,,,,,6,2,0,0,8.5,Credit Card,Flash Cab,,,,,,
ba92740c4f52162e29fb545195819e87dbce1402,9c71a8b10a221fd2b917806993781a1c1d0e0ff35b30d9f8e9350c2bfcf463612b5afc7ae99a2b3695e56d7755b04c7bda297415039b81282b197785b6a07370,5/13/2019 8:00:00,5/13/2019 8:00:00,734,1.1,,,,,8,0,0,0,8,Cash,Flash Cab,,,,,,
5f967c531ed9ebeb73c2ca9e1f98f4aa12c7e930,ea482d545b6c8be6c043ae018c42db1c86432d34751dbed726fb92cb5f68ba6f17779c52487b06b94a78267d828598dd5882baeb442104c658430e579a86ea2c,5/10/2013 2:00:00,5/10/2013 2:00:00,,0,,,,,6.45,3,0,0,9.45,Credit Card,Chicago Elite Cab Corp.,,,,,,
94953d6c10ce5f9b14427935650729a6c792f285,ac408ef5eb09f7c4b80aeaefb9cd324da8fb05ca08749cb23ed55015ef6a6f46f51a5b980067998be802e3bbe7cec33365daa7a93f0afa43558877699b296c2b,5/12/2013 6:15:00,5/12/2013 6:15:00,,0,,,,,5,0,0,0,5,Credit Card,Taxi Affiliation Services,,,,,,
ba92dd9fb5d937989ad9d2b61f46830da9eca53c,b6a410ed12c91dceb1a408bbefbdfb46823085c6fd190714454ddc11792deb429142e5f28cc135805bb1fba18130778fd4487c2c350b2bd7f405f9041a2ee832,5/23/2019 15:00:00,5/23/2019 15:15:00,240,0.7,,,,,4.75,2,0,0,6.75,Credit Card,Choice Taxi Association,,,,,,
ba944a9f6cffe355eca0f209269177f74c4bcda4,8a7a9d350d752cd6d0d4d8581a0525d3a6e34c8aeb868dbe83b20840b12a68084bc6ba1818b1bccb5b77b1f49252fc1c4ef5ef1f3dd02b5bd83e1742ae004864,5/7/2019 7:45:00,5/7/2019 8:00:00,600,3.1,,,,,11.5,4,0,1,16.5,Credit Card,Star North Management LLC,,,,,,
ba9984df0245037e8759dd823248baac36d15443,d679e4c71a31b8b3e525408a9a3841f0a5ccdf3e8980cea1b4668b88d35d8aef8ebd919e3bf7eec3ec27e58f8391e209a2996539180ea93ce688b98830d1d453,5/9/2019 6:30:00,5/9/2019 6:30:00,465,1.41,,,,,7.25,0,0,0,7.25,Cash,Flash Cab,,,,,,
baa33d351b965a991d642af164b9a40a01cd9379,d1d781b6807176ed53fbb9d0010dd0a87e29c073984bda66e053d5942cc09f0b16c80530b7e5065ba05eef8043c5b878bc5c022ec95a7527ec0ef9d6526554ed,5/2/2019 22:30:00,5/2/2019 22:45:00,660,1.5,,,,,8.25,1,0,0,9.25,Credit Card,Star North Management LLC,,,,,,
ba9a213d00b6924baece00b9b32901c1a04036e4,7a387c4ea03aea6f051c2083737fa232315f8dad35cf3689b8fe913d8fb30ed9d48a9047d540bf8aaeae7d9b46e4995d6eb49edfec7a50c74ab51d508839617a,5/16/2019 8:45:00,5/16/2019 8:45:00,134,0.42,,,,,4.25,3,0,0,7.75,Credit Card,Chicago Carriage Cab Corp,,,,,,
ba96f178f5883848a5e6c58c02b429d13260eb60,22548e10dab3e149f756cb9283d6314073c0166532b8595071c6be35fa85cd200848eb97ec2c397cdb946f80bc585498c3d59296c993cdb5c754d6da87826a02,5/31/2019 11:30:00,5/31/2019 11:30:00,360,0.1,,,,,5.25,1,0,0,6.25,Credit Card,Choice Taxi Association,,,,,,
ba9c75089f497d6ef6ecdda2161fd86ff6f41f8a,f22048010592ab0cbbe57cc8e7b79daa1616239d8d8bec5f970aa79a680a429226d90b76340cd9e305e5498f8230fddbfa9e46717de79534f67fd8aa3a07df36,5/24/2019 12:45:00,5/24/2019 13:30:00,2034,11.01,,,,,30.75,0,0,0,30.75,Cash,Flash Cab,,,,,,
ba9d6e940cbd29e9deb14f3ddd43ef14b3e9436c,1e2c434a11345e27099b8d295c9c8dc046e58940cfd8facba55096bcaef5cce0f63fb6730a4fa0caf36566ad56c0c5f27d62e7e31dcc614d7bc07dc9a1180e8c,5/29/2019 23:30:00,5/29/2019 23:30:00,576,2.19,,,,,9,3,0,0,12.5,Credit Card,Flash Cab,,,,,,
7246aaf955f7c1355fa194a253e7f46e38519985,a2e397699c1976e64320846602f598cc984a60697518d25e9416312fb70b0d011e8aa54974c9628f33d1e01b9431c1cc1e809c875e4d73dc0ceea54f5d5c2836,7/1/2013 14:30:00,7/1/2013 14:45:00,900,0,,,,,9.45,1.89,0,0,11.34,Credit Card,Chicago Elite Cab Corp.,,,,,,
baa1bf673e0196a0c0774ca7773c70f55d329096,a209f23cf74c79ff445dba952914e7a3fac1ffe04b6aaf3fe7ec39878fd19e42010c644dc9aca2c41cd79df0450dd8bda98242ef6266ef211c5956072f2c8761,5/7/2019 8:30:00,5/7/2019 8:45:00,1084,1.49,,,,,10,0,0,0,10.5,Credit Card,Chicago Carriage Cab Corp,,,,,,
ba9518c710bab23c0eb40342c92d5ddc2cce11ee,67492f30cea5835460bdf432575c374bbccf9b6fc50ce5eac6587739d2d20fdc6019cfd6652f30374aa71b53800c9cb42985a29877af8958b31c2006b40b35db,5/5/2019 23:15:00,5/5/2019 23:30:00,704,3.3,,,,,12,3.12,0,0,15.62,Credit Card,Chicago Taxicab,,,,,,
baa5c7b6dae1a03d58367bc7d3a63e4edf9221f0,f4ce4336448c7e8bdea302ffa4bf5d49520fbbdb9418752b998b99d4ce9410a96cbb20fe6d84ff86dd8b03a2470d7a88a01dec9f0b6b16be52119b86081387d3,5/29/2019 11:30:00,5/29/2019 11:45:00,1031,3.9,,,,,14,0,0,0,14,Cash,Medallion Leasin,,,,,,
ba9d69b7d448e99d546f7e4010ba2a52edfe2653,687c023e0a0575371543c575d802540ea8ba5e5f7f59b1d5d8d1c838befe12db3c1b123a0b212732ae63b06d90f1e9c9d552267184401977d4c55fb72109fb51,5/15/2019 22:30:00,5/15/2019 22:45:00,559,2.23,,,,,8.75,0,0,0,8.75,Cash,Flash Cab,,,,,,
ba9a5be25f492e5d5cd2e55598b172ddb60d6e80,b80ae259540e156331679aba9b99de7780f65e778826759de1ae53c0782b96cbc773b7131a9f7529ca4c8c10e50d2f77af21edf5a22ca5b2090655138c4911a4,5/29/2019 12:30:00,5/29/2019 12:30:00,360,0.4,,,,,5.25,0,0,0,5.25,Cash,Star North Management LLC,,,,,,
baa652b07ca9dd54b36b502bff54ff83df2ef9b9,a0e344678a8fd21c3c78effdc30c485f4b6a7fbcdb4c4fb8446cbca60c20bf0e4b7a93ecc905e268aa167fa9e6c615f8574897205c27bb5e218178a221f08cfb,5/10/2019 15:00:00,5/10/2019 15:15:00,492,0.82,,,,,6,0,0,1,7,Cash,5 Star Taxi,,,,,,
ba9bdb69fb724636412cf39e6c556456f8c121d7,67492f30cea5835460bdf432575c374bbccf9b6fc50ce5eac6587739d2d20fdc6019cfd6652f30374aa71b53800c9cb42985a29877af8958b31c2006b40b35db,5/6/2019 0:30:00,5/6/2019 0:45:00,455,1.1,,,,,6.75,0,0,2,8.75,Cash,Chicago Taxicab,,,,,,
3bce82e77def7060b7ef2c18c51c216bafaadb09,7d69316902dc552f3de1bfa6ca880024f5c9212bd9c95fb7a27bdacc44e7b8915278484ab5dd20539dedee3e9da326b01a09a544be0f16591d85654b5bf64297,5/15/2013 21:15:00,5/15/2013 20:30:00,,0,,,,,39.45,6,0,0,45.45,Credit Card,Taxi Affiliation Services,,,,,,
ba953e548ea4d43eac0c8af8e99f64960d21cf00,02259c553cc670ea9465c2ec1387529275fe4ac321b7058a4a24093e72f12f35f7388d6b7c1af55a0bb761df71a03c3d025d63f8e65ed0e148755767d2992b75,5/7/2019 12:45:00,5/7/2019 12:45:00,401,0.67,,,,,5.75,3,0,1,10.25,Credit Card,Flash Cab,,,,,,
baa75de0b410fe0acc9e152e99a097d36d1e1093,9b712d7cf59a9ce8edfac4f8c97efb2a1245f757dbb868913698acb5710441571b3acf737e170a16fcd163904550909ef770a01ff266f470e94f13662e608018,5/24/2019 18:45:00,5/24/2019 19:00:00,611,1,,,,,7,0,0,1,8,Cash,Chicago Independents,,,,,,
ba98cc44ea80f0e682fa564dc7e3b1a10cb63421,712b8b176e0f984a78b0d7c4b37d2a3b60cb0a8ae40debef56e08e186216504aff58a45d36cbabc39465f9d3cd409019b61f0b8edaeb40661f640dd1e3f347d9,5/29/2019 8:00:00,5/29/2019 8:00:00,0,0,17031828401,17031828401,,,2,0,0,0,2,Cash,Taxi Affiliation Services,,,,,,
ba959383866c7becf7e4af63b9fffb61f9b9255f,9778031a3357bc586bbe6b48765130a7a9457d772aafa660915f91541938cd5b54fb7471895f542dda9a46a9627cb68c372e8cfa39a6d3a4fff957e9d86b2224,5/6/2019 16:30:00,5/6/2019 16:30:00,360,1.1,,,,,6.25,2,0,0,8.75,Credit Card,Chicago Independents,,,,,,
baac764d2fc733b2804a0ac2e9c63e62e3c6c4e7,5972edb97ae53140d2e4cb8549f1527d9d93491acef5a2b8c2ccbc30d4547205d76ab83cf2a6fcb039263a1a31e4842cd1676be70fa07de0bda8543101c1079e,5/2/2019 19:45:00,5/2/2019 20:30:00,2760,17.8,,,,,37.75,8.3,0,4,50.05,Credit Card,"Taxicab Insurance Agency, LLC",,,,,,
bab9a49830c65ca537c2d42264f20122923040ef,883e86111c7bebb7bdd41cbcac8ebbcc1172fe7464b90f70d9895dfdb4d03a42140c940b78bf743cf11fbd2d6f073f9b4856327708edb7e482d9ab2092041523,5/22/2019 9:30:00,5/22/2019 9:45:00,412,0.84,,,,,6.25,0,0,0,6.25,Cash,Flash Cab,,,,,,
baac5a618f848d0984d68d14d31a7e57507e996f,e29752f264ca33780c57fec51b15e51dd4dc38c64eb744098d770d8dfc8708f2241ddf46727aa14964d87b8c6e20558861787850176dfe7cad146d2dcff03a2e,5/29/2019 11:45:00,5/29/2019 12:00:00,951,2.63,,,,,12,0,0,11,23,Cash,Chicago Carriage Cab Corp,,,,,,
bab5d44f494646822a688698c3692b94a6842e00,671a9e17caefff3721c57f67824ddc316b2ce48cedc25dc88fae06fba78f7d4d6e2bf1972557d5f6ad5a968793646b7261bba9894fe43a796848d4eaa4878635,5/9/2019 12:45:00,5/9/2019 12:45:00,0,0,,,,,89.25,0,0,0,89.25,Cash,Star North Management LLC,,,,,,
baacfe820e45114a6e6ffd3c2a4bfb3ea2c72cb9,7a387c4ea03aea6f051c2083737fa232315f8dad35cf3689b8fe913d8fb30ed9d48a9047d540bf8aaeae7d9b46e4995d6eb49edfec7a50c74ab51d508839617a,5/6/2019 12:30:00,5/6/2019 12:30:00,511,1.32,,,,,7.25,0,0,0,7.25,Cash,Chicago Carriage Cab Corp,,,,,,
bab1ea85aa5d6ee1c9650f64a9950f6b1aba85ec,1f3593421771a4a6cc906137e5d3221ed2ab7bef3c2bfafac40e118608c40ab896c9198806a7af32b087cf6ddb1df8d668252929e569e3fe983d2d1d4ab5d7cf,5/24/2019 10:45:00,5/24/2019 11:00:00,540,0,,,,,7.25,0,0,0,7.25,Cash,"Taxicab Insurance Agency, LLC",,,,,,
baae1866fc56687dfe86c0851289c178f886e9d2,e4c9b1777eb6819da4ec3e6c2cc59e672cfd16ec786c92bc452fc08a55b55eb00b5683f6fd8f85785fc00fdae019c1d94eeabe3075ae46e57af0b2c8ec694884,5/3/2019 13:15:00,5/3/2019 13:15:00,480,1.1,,,,,7.25,2,0,0,9.25,Credit Card,Star North Management LLC,,,,,,
bab82cc059a6a4124a3f79b2927d43759a371754,cd83cfd25c229da8eb9bedfd1b2e7c7dc2d647d77739d466079da1cdc19bc49c27fc4e0eea83174374bf8149a9e90e8a9d0feb135262f368a50e2f1f94504429,5/17/2019 8:00:00,5/17/2019 8:15:00,1500,21.1,,,,,50.5,16.35,0,31.25,98.1,Credit Card,Star North Management LLC,,,,,,
bab79e603874df471a6c85de4ad967805df5ec46,3767536e5623ed437fc50a5f0dc6be0167a94654b789b1c2d97ddf6cf07c49e40acfc0b6f57a9a064ebb87d95ec78527ed7ebadd68f53d0f4909562e1c70a8a7,5/24/2019 22:45:00,5/24/2019 22:45:00,483,1.2,,,,,6.75,2,0,1,10.25,Credit Card,City Service,,,,,,
bab21d636942f5555ee3f867652199b853b37f9e,46b23d509813329c067fcaaa87708e5e0f3dda7ab1b4d24e027b5ebc033e313526ec8c406b4ed84eb7e80f7e899d6c7d84ac288da67d9281b956ae92b2c08d03,5/10/2019 7:15:00,5/10/2019 7:30:00,435,1.17,,,,,6.5,0,0,0,6.5,Cash,Flash Cab,,,,,,
bab7dff96ab13929c9753f5f73d011d96c64a196,883e86111c7bebb7bdd41cbcac8ebbcc1172fe7464b90f70d9895dfdb4d03a42140c940b78bf743cf11fbd2d6f073f9b4856327708edb7e482d9ab2092041523,5/14/2019 8:15:00,5/14/2019 8:30:00,1274,4.7,,,,,16,0,0,0,16,Cash,Flash Cab,,,,,,
bab637ac35c386129c3f0bdac427ad6490082a0c,c531f081cad817a366cbae2254ce7a3bb370394b3b0f1399dfc8781333c3565ca188035bbff4d1d7652181b79712c103d01ab168cb6ca2580f2da4b324cb00a5,5/10/2019 3:15:00,5/10/2019 3:15:00,0,0,,,,,9,0,0,0,9,Credit Card,Suburban Dispatch LLC,,,,,,
baab664fb4e9efe2e77aa5af3fb218dcfd6000f7,1f3593421771a4a6cc906137e5d3221ed2ab7bef3c2bfafac40e118608c40ab896c9198806a7af32b087cf6ddb1df8d668252929e569e3fe983d2d1d4ab5d7cf,5/1/2019 12:45:00,5/1/2019 13:00:00,300,0.6,,,,,5.25,0,0,0,5.25,Cash,"Taxicab Insurance Agency, LLC",,,,,,
baaeb2187d762e4c08abcd1e2f2b23138fb7a517,4df2912dd50d4f329ca8bbdc29820405a25dab85dd752422ab4f51193fbccb1e163491a14d4cbb36adc4c8dfe78b8b50d2286555a61e45c8f29ea7828f9a8b90,5/20/2019 10:30:00,5/20/2019 10:45:00,600,2.3,,,,,9.5,2,0,0,11.5,Credit Card,KOAM Taxi Association,,,,,,
bab98d3a9561430fe964dc28e48c4ac3a2898db9,5648d53206ccad62bbe17e3d36016271b55c5b23916cc0f073ac77fec98aee6960d68adfaf0bb0c47c138a6f16cb14a6ff530083f8513b608b2de1aa127e03c9,5/22/2019 14:45:00,5/22/2019 15:00:00,212,0.85,,,,,5.25,1,0,0,6.75,Credit Card,Flash Cab,,,,,,
bab84843ecdd6d2b6faf9cf1420451bbcebb9dc0,c157870bbd395a664de1f3e6f7868b3b89472295c4e2d6ef90c81e6bea2762da796d6a669f8f919194bce1488f550be449c2cede492eb4a1e3e0134bbda181ab,5/28/2019 12:15:00,5/28/2019 12:15:00,180,0.7,,,,,5,2,0,0,7,Credit Card,4787 - 56058 Reny Cab Co,,,,,,
9cda25d1ae6a0c519a714f3fe9a94bad2e1c9a6e,f3e31800d0d53c00d6b0f4e35242f868b87fc31ebc11d59b4b85847af2ee0287625c0b9e2868f749372e06e6617fcb129d4c17b0d34b4f4845d3d8b9e3c6e811,5/3/2013 21:15:00,5/3/2013 21:15:00,,0,,,,,11.45,3,0,0,14.45,Credit Card,Chicago Elite Cab Corp.,,,,,,
bad00da2a9fa87f1af820cc61996491ea4372a2c,c2e7642922627884ea6e26885d164bc342c94110efc234eeacad94132224c9ce4eca9cd85df86f084b41a3ef62bd40e22b2865a29f835f69ea74135a5d9c4eed,5/23/2019 22:15:00,5/23/2019 23:15:00,3660,18.4,,,,,49.75,10.75,0,4,64.5,Credit Card,Star North Management LLC,,,,,,
bac6502482a2d770745e86e9ce20d45304a1676b,eafd27c0f4159baa8505a60207a3698501002905ae6f9acb7560cc8cae750487170e6a0c43e9018376448703487f1788b1a4eb313bdc339f3dd6f6d3a90cf19d,5/8/2019 12:45:00,5/8/2019 12:45:00,660,1.6,,,,,8.25,3,0,0,11.75,Credit Card,Chicago Independents,,,,,,
bac902fe9813522c07185b2f2e90e4a6ddc1d4d0,964d179d99b31a4d39ffe0d00da347d492e916870018ac2085c0da86caa777439c46e9a7b5edc4624cc50e49d98cfffc493f0bdd7327d6be4ef890de7226bf4c,5/2/2019 10:30:00,5/2/2019 10:45:00,840,2.2,,,,,9.75,0,0,0,9.75,Cash,Checker Taxi Affiliation,,,,,,
bad090461f1be4cbd26f5ce5ac0326a8a653a2ad,aa92002198c37cf17517fa6bc2d6031b35a2fd6bca47790c53a8b1bdd900a0b83139dcad3b8069bc32eac98aab6fd518b533ad06bd1461cf31804bd763a0ecf9,5/12/2019 4:45:00,5/12/2019 4:45:00,420,2.7,,,,,9.75,2,0,0,11.75,Credit Card,Taxi Affiliation Services,,,,,,
bacda9c5e3cbe9ff267dcfc0b67368bf9fb2654c,67cdd41437563bed53a4348a0a050d03bfb80df4cc25191b2408f6adcc9050322dad5f6076499235ff29110159df1b024ee0afaaf3ace3dc9af1fac4a1d368ea,5/18/2019 15:30:00,5/18/2019 15:45:00,780,2.5,,,,,10.5,2,0,0,12.5,Credit Card,Top Cab Affiliation,,,,,,
babcedf858396d229b3dd09c8267eb42a775f27d,62d7a2f3418a6b4f4899598f5a4d5bf0b372e8bf3ea61a380c90366086d54df1ab6deae853f76045db73d25871fb093abab7ace95e197a7ee6b683403ada3bcd,5/18/2019 10:00:00,5/18/2019 10:15:00,1020,2.8,,,,,11.25,0,0,0,11.25,Cash,Medallion Leasin,,,,,,
bac8a0ee93f12fe938891a282ed205d0452655ec,661fc9d5fb92cc2dd0ede8eb403c811fad5b1e6d219b4494bc047ffdcf1896560987f605178916e53d920dcb3b11c242fcc3ceec164de5a8724a0a723bc4fbcd,5/9/2019 2:00:00,5/9/2019 2:00:00,480,3.2,,,,,11,0,0,4.5,15.5,Cash,Top Cab Affiliation,,,,,,
bacae4e88a272655064cd3b0b430d4be1dd99fbc,eafd27c0f4159baa8505a60207a3698501002905ae6f9acb7560cc8cae750487170e6a0c43e9018376448703487f1788b1a4eb313bdc339f3dd6f6d3a90cf19d,5/5/2019 11:00:00,5/5/2019 11:00:00,600,2.1,,,,,9.5,0,0,1,10.5,Cash,Chicago Independents,,,,,,
33c77da35c2adf3cc67715a6bcb52c16e9337013,08a2d72fd3f2cf622ae26003841c9a12e75d0d7d243bd17a92a041e50aff581a0adc8a098bf55bbcda3df1efb5b3e4bdb0bc1c7e7b975c11a21e1125109216ac,6/24/2013 10:15:00,6/24/2013 10:15:00,,0,,,,,9.25,1.85,0,0,11.1,No Charge,Chicago Elite Cab Corp.,,,,,,
bad0a18e50c020cf9bee297750034f40c963ac84,67492f30cea5835460bdf432575c374bbccf9b6fc50ce5eac6587739d2d20fdc6019cfd6652f30374aa71b53800c9cb42985a29877af8958b31c2006b40b35db,5/4/2019 13:00:00,5/4/2019 13:45:00,2846,13.8,,,,,38,0,0,4,42,Cash,Chicago Taxicab,,,,,,
baca2637f29372d7cedc1b69cab022c024fa4e5c,237a0889e04b6ab9609738d8b35485bce00cf600493d4e05acfd9c411576c764111e48834d150b65e5490945adf10be662e177693405dbfeab3462180ae2515c,5/2/2019 8:45:00,5/2/2019 9:00:00,671,1.26,,,,,7.75,0,0,0,7.75,Cash,Flash Cab,,,,,,
baccaa063ed7874b7b0c8ee5bc1f32df4fe1433f,edd72a023f2bffadbf0081c4bb036a7137fec79c3e9ce49125d9e5433be96896d5adf0ff5c5bae96d42d4e4c549cbfaed607629be4e7ff09649b67ad2c02e044,5/23/2019 8:45:00,5/23/2019 9:45:00,3156,12.6,,,,,38.75,0,0,0,38.75,Cash,Flash Cab,,,,,,
bac6e171f0c49fe42fe5d89b51069a3cd49c325d,6e40306a3a76d2e41f2530cc314ecfbd2520aae13202d7fcef97373649d1f5631936ac2b91bdfc48617f8837dc331171eaf7915604b75c8aa40ee707b68ad0da,5/1/2019 17:30:00,5/1/2019 17:45:00,540,0.1,,,,,8.25,2,0,0,10.25,Credit Card,Taxi Affiliation Services,,,,,,
bac743ec7609002b2c4788842fa26e98c54eb890,ba558b1ba4aaa7182c04a00bfc27c8b114f3d6a0cdb12a2745a23998df3d7a9d3ff90cc3b0bceddfecc3d289919fe707c4608de4a0d86b473b7fec1e3035fe53,5/2/2019 7:15:00,5/2/2019 7:15:00,0,0,17031826901,17031826901,,,2,0,0,0,2,Cash,Taxi Affiliation Services,,,,,,
bacc044dd80b94bd61f3080c9841f49f62c11069,b80ae259540e156331679aba9b99de7780f65e778826759de1ae53c0782b96cbc773b7131a9f7529ca4c8c10e50d2f77af21edf5a22ca5b2090655138c4911a4,5/10/2019 13:00:00,5/10/2019 13:15:00,780,2,,,,,9.5,0,0,0,9.5,Cash,Star North Management LLC,,,,,,
bacaa1542f6f6911496dcb3a6dcc5fc8dd0e0ab7,bfe8d4d74f796722f160aeda9d12a1688cc0cebf5601b1303b66288844765cf1a58a316736a12c2a0f47c6730dd9a79f9c3d3dc931f1f72ef627a7f944a249d3,5/9/2019 17:30:00,5/9/2019 18:00:00,1355,2.35,,,,,12,1.88,0,0,14.38,Credit Card,Flash Cab,,,,,,
bacb461d68f17b7484bdc4a80ca5a684bdb77571,ca885a78545e9a44a5f365164cfbaca32fee95082b0d4fa2ba16bc1f922af64699ba9b21d89a5e47c83bf00bbcc5f7717d3ed7189224635cbb265ea955c1b76a,5/13/2019 16:30:00,5/13/2019 16:45:00,720,1.7,,,,,9.25,2,0,0,11.25,Credit Card,Star North Management LLC,,,,,,
badfbaa989371d36eaeb48d20ea5b5bc76c57070,a886070e752d4705f624fb05be6a3b5e7241c5d8a50bf325c75019b2c71a68079096dd8639ea93facdf9a280d53bf02eb1178532d070ca7e786a0abdd8bc6c62,5/23/2019 19:15:00,5/23/2019 19:15:00,0,0,,,,,6.75,0,0,0,6.75,No Charge,Suburban Dispatch LLC,,,,,,
bad32885a711fb8b23a3dc700309233456bcb63c,c92ffc47a21e745772199e454f7749ca499407d0079a94c077bdf77a5cfdf27a23055a6d45d5a85d2e17b964aa059fe2b7f50fe5e68b0dcee8518918df25a35b,5/13/2019 15:45:00,5/13/2019 15:45:00,240,0.7,,,,,5.25,0,0,0,5.25,Cash,Choice Taxi Association,,,,,,
bae320c00e5efbe31ccc2eeae3ae5f3facf3d816,8746d74ae224c45a8574504870718261238cb520b112531763948f16de37629e95991d014a1db76afbc21e02fd4103c1a811b2fd22d978cfceee331156254e49,5/16/2019 16:00:00,5/16/2019 16:00:00,226,0.39,,,,,4.5,0,0,0,4.5,Cash,Flash Cab,,,,,,
bade5dfd021193c66434033cf18273600c262b98,a1a414bd21d7e254c39e302f76571f09892471da4b4c07718ae582a960c304afb8503094b717ebc495ecd5072b5c0b1052317a19eef412bd7029bd341c963d32,5/19/2019 10:45:00,5/19/2019 10:45:00,0,0,,,,,78,0,0,0,78,Credit Card,Suburban Dispatch LLC,,,,,,
badd8d26683a858ae36a4135b77ca6a742672ec6,883e86111c7bebb7bdd41cbcac8ebbcc1172fe7464b90f70d9895dfdb4d03a42140c940b78bf743cf11fbd2d6f073f9b4856327708edb7e482d9ab2092041523,5/29/2019 9:30:00,5/29/2019 9:30:00,549,1.66,,,,,8,0,0,0,8,Cash,Flash Cab,,,,,,
badaf1e5c3ec0df32f75a424c86cc5384ec10699,d9b418798eff38cad71ed49fc9fa217dbe1aa91d4b6fd791719947ae60d6b8757b08c21ca4a339d6505ef62b300f4cbf0d2f83a5a12f1dbdcc1ba7106b156d07,5/2/2019 20:00:00,5/2/2019 20:15:00,1046,6.26,,,,,18.5,5.75,0,4,28.75,Credit Card,Flash Cab,,,,,,
bada10b785318af0133f2668d70bf7812c6fe7be,de45c64ec9f01c39e14a46c74cf0830e36aaef00a9c76011e6f377b1c507e665dd9e904d7bf5626ae20ca77549415673f26602908a925162dda5d355706b14cc,5/28/2019 13:45:00,5/28/2019 14:00:00,721,2.9,,,,,11,2,0,0,13.5,Credit Card,Chicago Taxicab,,,,,,
bae1116abe9001b6a75d5c8eed65f284b370c079,dae02605eae3567faac3548acc8480606cad8d08fac7bc3c2d1b1076e32f16e769fcf296968d89f1d474327b4ce451acfbdecae0bbf9904e2c135d0ba9989781,5/30/2019 17:30:00,5/30/2019 17:45:00,795,1.17,,,,,8.25,0,0,0,8.25,Cash,Flash Cab,,,,,,
badaf2dbf1b404811b1bd65fb3b694f4284c54b5,2df889887daaafd8ca9517b2c47ae1a0e3ba41e4da63fb1060aa930d40e93aeb10bdba16fb53f064117468641c9734d1bb86fee89abd67d38798994326d8ea9e,5/3/2019 15:45:00,5/3/2019 15:45:00,445,1.41,,,,,7.5,2,0,0,10,Credit Card,Chicago Carriage Cab Corp,,,,,,
badc3c1ae56169736f6f36ac7a6399410428b23b,8dd990653cc2793d96b80ae45e928afc9a590b21b491eea3f522f42a72a5d323e79997fb7b2aab3486de73e89a4c9ae8e8cc377056b9b0d3de37ab822ce2cf33,5/31/2019 12:15:00,5/31/2019 12:15:00,540,1.1,,,,,7,0,0,0,7,Cash,KOAM Taxi Association,,,,,,
bae048f109e4db24d473e6f1bebe865fb1ede9f8,5648d53206ccad62bbe17e3d36016271b55c5b23916cc0f073ac77fec98aee6960d68adfaf0bb0c47c138a6f16cb14a6ff530083f8513b608b2de1aa127e03c9,5/28/2019 8:30:00,5/28/2019 8:45:00,757,1.3,,,,,8.5,2,0,0,11,Credit Card,Flash Cab,,,,,,
badc9b5855849c4f73d10294ef7f582da6822987,ef249ea2c31ccb20ce9eb258d3116254a6f9fe05c7cc84c055207c5280324dfad3299739b719d7241794eef9c950da3dee20513774182b30f6c7fcc6d4e7fc1e,5/18/2019 19:30:00,5/18/2019 19:30:00,30,0,,,,,3.25,2,0,5,10.75,Credit Card,Taxi Affiliation Service Yellow,,,,,,
bad8a7bd64f3e7cbd93794dda84fee8eb623b37e,883e86111c7bebb7bdd41cbcac8ebbcc1172fe7464b90f70d9895dfdb4d03a42140c940b78bf743cf11fbd2d6f073f9b4856327708edb7e482d9ab2092041523,5/25/2019 11:15:00,5/25/2019 11:30:00,1373,3.66,,,,,15,0,0,1,16,Cash,Flash Cab,,,,,,
bad31beaf9254bb0e8599edd661d203e6cd41e31,30e236be2bd32ce4dea917bd851c2a3da96588fa949007b44dc2ef7e4f907c5d7e555574b46563a51d20dd9897f08f6356270796414ef541d8403776ca25903d,5/13/2019 8:15:00,5/13/2019 8:15:00,0,0,,,,,33,6,0,0,39,Credit Card,Suburban Dispatch LLC,,,,,,
baddb94e803d41140853647361f2f0a39039bb12,bcd49910fa803d81e2c225dd18fb93fce4bd4195594c497dee6a233693e89e2aaf56641f5d2af3d09904636f606a43d4159942a440412d8e3ab16c5a989b5783,5/6/2019 9:15:00,5/6/2019 9:30:00,483,1.85,,,,,7,0,0,0,7,Cash,Flash Cab,,,,,,
bad3892cede188753a4a73e86c120988a175c101,aabecb47e958f99860a3b4d01f14d53644ac26126d9519fb41e244e75631e1aa097d97babb6b5d2490b03ec425f764d7d6d242372965f675e3bab9bd0eb1a4db,5/20/2019 5:30:00,5/20/2019 5:30:00,0,0,,,,,15,0,0,0,15,No Charge,Taxi Affiliation Services,,,,,,
bad85cca48ef128b301f3fe604a3e0dfa6871aee,04466d142a4835dc163a81645a960d5402834632459e44b9d077311c044b55b64c3a404fe6428486456f87b193e7db1d4016e34aee07112496e1261ee6e09f2a,5/7/2019 1:00:00,5/7/2019 1:00:00,0,0,,,,,12,4,0,0,16,Credit Card,Suburban Dispatch LLC,,,,,,
c72ec10c1f94ad934ef6bec6118344f35bce23fb,39f79f4258ca497fb652e1e8bb2a3a406dba40f3495367d0455ffbe58090d447fde5c8da19187ff78a6d20a57c0245f809d239f9b1ad047e11ab1ed601311453,6/21/2013 10:15:00,6/21/2013 10:15:00,0,0,,,,,0.01,0,0,0,0.01,Credit Card,Chicago Elite Cab Corp.,,,,,,
bad372a35c75bb470695f0f0a85df26a681ff5ab,cf9d594763b7b42b84d0a3c61f7ce63e7f491b3b0bb6a2babf6d4acf2e03cad2f530a19465f85e02dd6ef24622e90237219185703bf95d8087503f5944e81f61,5/14/2019 22:00:00,5/14/2019 22:00:00,171,0.53,,,,,4.5,2,0,0,7,Credit Card,5 Star Taxi,,,,,,
bad9485ae170ece75ed63d5c52701ca1de11ecb5,0f1c7e0eda4f692d13c5e2ae0a6d8f116ded33ee064a0f363383adbdde6f02a4f47454d63d2f16c6e39259b597ad8c11c06e0e28601ef0818222551dccdbf923,5/21/2019 19:00:00,5/21/2019 19:15:00,900,3.6,,,,,13.5,0,0,5.5,19,Cash,Medallion Leasin,,,,,,
baddc291840e1c9374d5ed6c567e1a417136084b,e97ff21e0c8f655aa03ec62fbccdf33578a21516535ce7b13f4e1801542d2c8cfadb09631d5cf772da86f18e74d054b1b5f19285a9dde394cc217cced353068a,5/16/2019 8:30:00,5/16/2019 8:30:00,190,0.4,,,,,4.5,0,0,0,4.5,Cash,City Service,,,,,,
badd548fc7aea22f93ba33f1942eb3274dacc4ff,e0e4d2903696d6f25cb9ff81598d69162bd959eaf4a2c1d3c928d358b6fe756523f72e6a297ebbc3a12bf9b5bfd6672f367549556ae168223655a0c6aa3ef6ca,5/19/2019 19:00:00,5/19/2019 19:00:00,0,0,,,,,7.25,2,0,0,9.25,Credit Card,Suburban Dispatch LLC,,,,,,
bae1d138f80c4bd40ae5872fa348516840b39743,5e00ac77728ae1790a517495300680a2ff69fe9a569218837f8317cbafbd9b0fe9d587e28719848408f84f86a8f5366ec32632980bdcaefd8fb635fd6cbf8ff2,5/6/2019 7:45:00,5/6/2019 8:00:00,538,3.15,,,,,11,0,0,0,11,Cash,Flash Cab,,,,,,
bad8b514d6ed8233f01a5ad63c37b5320e3f67bc,fc4ee6b2bbcda6cbc48b7fa94b2cec5763df3b0de55496a5ba4f7ab71ec5ccdaf31e38565f6774dee93f834a95174887e3632172f677445ec19fb6b56e734394,5/6/2019 17:00:00,5/6/2019 17:15:00,300,1,,,,,6.25,2,0,0,8.25,Credit Card,Choice Taxi Association,,,,,,
baf5edaaf21e3713afbd6d12fa3af1cd08a0cca1,77b0baaf4e271f6fadb2eaf15ab5febbf97450e2a9b47e0d55bfd80d561cf56753c4d7ff89ab0b7d9da5d6c19609d8d43132e67ebc2c2f30d77e4aa25c6bf8e1,5/4/2019 13:45:00,5/4/2019 14:00:00,740,1.6,,,,,8.75,0,0,1.5,10.25,Cash,City Service,,,,,,
bb047821b3cd929ae41216e6762350db8c5e49c0,0c0bf674f6c0d564fe653fa07a47938de9d4e6faec07fc17a78e22cabcb84f1d021d90c033b908700d784b838f4b0404860e3c105ed3c02b64ae3f42ef09100e,5/4/2019 11:15:00,5/4/2019 11:45:00,1568,14.79,,,,,37,10.38,0,4,51.88,Credit Card,Flash Cab,,,,,,
bae92062ce8055aecdc4e169c780de7faf8df71f,74f529987857c81bc3dd08547e4fc0dc1152f31a9438defaf5eaf2a194402779276027a41306e9d54fb16e78ba94e0b6e42f1663de5c4959e6bf4e828e745e97,5/10/2019 19:15:00,5/10/2019 20:30:00,4260,29.8,,,,,84.4,0,0,4,88.4,Credit Card,Taxi Affiliation Services,,,,,,
bae4c1c2a173082b0841125c857f2cad83b4a402,5f688171bb38689b7df7d04a9677c3496f15c7d78561c2e098c098295aaed7341d6763e2684d014dfb29d87d8333982ab7443ebc8862efdf2144796c4d5abe58,5/26/2019 18:00:00,5/26/2019 18:15:00,660,2.1,,,,,9.25,0,0,1.5,10.75,Cash,Star North Management LLC,,,,,,
baeb4b4628bc97f60cf7325233deedfe707274bf,a209f23cf74c79ff445dba952914e7a3fac1ffe04b6aaf3fe7ec39878fd19e42010c644dc9aca2c41cd79df0450dd8bda98242ef6266ef211c5956072f2c8761,5/16/2019 13:15:00,5/16/2019 13:15:00,371,0.44,,,,,5.25,3,0,1,9.75,Credit Card,Chicago Carriage Cab Corp,,,,,,
baedb5c804016e50b9211a1a70de5f36a862019b,c4dbfd8b058bf88e0e91e94c1976cbc2841329300bb47dac16908e64f749ee1d6a09f900d4580ddc2d3b0c442dfb43d2e1ba670ae82d493f67d6260a523d7786,5/1/2019 17:45:00,5/1/2019 18:00:00,828,1.7,,,,,8.5,0,0,0,8.5,Cash,Blue Diamond,,,,,,
bae8cf41b336cff0ef6f340091b10ec2a713418b,698ec513d27602fcd211bb62440a555a3f23bebbe3b2a1ec9ba6466a63bab46628c6dc1622de7c3dcbe4b0f98a7048c9fb07ae9c8a1572f432db4df68b1a4803,5/25/2019 12:00:00,5/25/2019 12:45:00,2400,12.6,,,,,38.75,11.05,0,5,54.8,Credit Card,"Taxicab Insurance Agency, LLC",,,,,,
bae90df6e649ca84ba2fec343459a3707e3a285f,46b23d509813329c067fcaaa87708e5e0f3dda7ab1b4d24e027b5ebc033e313526ec8c406b4ed84eb7e80f7e899d6c7d84ac288da67d9281b956ae92b2c08d03,5/7/2019 23:30:00,5/7/2019 23:45:00,582,2.86,,,,,10,0,0,0,10,Cash,Flash Cab,,,,,,
baeb1357e78c3bf9b7ecfa75caf0565a50f081b3,a40c415948e638d0446e18266efb19d5f03447c0c70117bab16a73ef8ea52578e25025a791d4f7ca458eb85a2db520a4a7929d929eae035131af1bf60260ba0a,5/28/2019 0:15:00,5/28/2019 0:30:00,1033,16.76,,,,,41,6.98,0,5,53.48,Credit Card,Flash Cab,,,,,,
baeeb33226e591a4f544e9ac4d86935ee5c34b1f,ba48aac1be874e3212623beb83b4538c5567a8676f2cf3febcad6b2ed443e55a2fa46b640d51c099a1ca0d899b36faf0817a5c0664ffda16d516f1b92909353f,5/17/2019 14:45:00,5/17/2019 16:00:00,4140,17.6,,,,,49,10.7,0,4,63.7,Credit Card,6574 - Babylon Express Inc.,,,,,,
bae97a92563f7ffc90c651252d43992c13512779,34420c09ddb5a66884e00ab8322230f6c75705582d608dde16ad25ced37809796729102563e8ae518531f0f4271868bf3f2aa42e0661fdeab32024d6d853437c,5/18/2019 12:30:00,5/18/2019 12:30:00,246,0.33,,,,,4.5,0,0,0,4.5,Cash,Flash Cab,,,,,,
bae4de8260600be0072012e9220bd0a8c0472648,f9dfe19ff656e73355417487428709a9849e91accd2b240d8e6b3a9b21054f12cdcfe7df456ff6ccd12347f813268f30cabd4be9faa923c7a0df39fd0f8d11c8,5/11/2019 17:30:00,5/11/2019 17:45:00,503,1.16,,,,,7,0,0,0,7,Cash,Flash Cab,,,,,,
bae54eaefcaec74026aa9e66753c23708cc4a0b5,77b0baaf4e271f6fadb2eaf15ab5febbf97450e2a9b47e0d55bfd80d561cf56753c4d7ff89ab0b7d9da5d6c19609d8d43132e67ebc2c2f30d77e4aa25c6bf8e1,5/19/2019 12:45:00,5/19/2019 13:00:00,1221,5.1,,,,,17,3.7,0,1,22.2,Credit Card,City Service,,,,,,
baef589f91c6a5371e1b878485113d658e607ec2,a0e344678a8fd21c3c78effdc30c485f4b6a7fbcdb4c4fb8446cbca60c20bf0e4b7a93ecc905e268aa167fa9e6c615f8574897205c27bb5e218178a221f08cfb,5/14/2019 19:15:00,5/14/2019 20:00:00,2692,14.71,,,,,40.25,6.86,0,5,52.61,Credit Card,5 Star Taxi,,,,,,
baf198f0cc3ba6e926d7dbfe10b4817199ed045e,88e943edf82bd10bf467a88648d66847bff99cb1767d445df4a4773f84a63efbaf565c1acf00624d48e9c66fb86cb754faca4a66faf5c67f362750f8ae4236b0,5/3/2019 18:45:00,5/3/2019 19:30:00,2280,0,,,,,57.25,10,0,8,75.25,Credit Card,Choice Taxi Association,,,,,,
bae403f801c43f715f579c8dce2a20b8f82043e6,fe100c91e0eb36b6f70611f4d2fab5531f1a55009e138ed96d9bd2c9697a0b0684772d8d71a2932e077a6428c0941e4a5cfd4fbd24f3af93f4244a2a28459d85,5/9/2019 20:30:00,5/9/2019 20:30:00,240,0.7,,,,,5.25,0,0,1,6.25,Cash,Star North Management LLC,,,,,,
bb00e8b0a8fbab9e4daeeaf5292c58efb633d562,f9aee16b2de2973e98d52db66fb4a63a8dfd859ac95f9a5fa3dc2c2af2b8b4102d6b886a9115509152a8fa875eeea7f4faf1814323ee61c49974209d31404a65,5/31/2019 15:00:00,5/31/2019 15:30:00,1858,2.2,,,,,15,0,0,0.5,15.5,Cash,Blue Diamond,,,,,,
baf9b06d0b97d62890cc28f8e7394f3acf4a910b,df7fb7a2ab23dab55e189cc9dee390fce649348f56797e20bc73d7083e55aaae9abf93f8e6cd000874c69c82c4ce3d1d54a464f1776d49876d859cd3737c2cdd,5/15/2019 18:00:00,5/15/2019 18:00:00,698,4.69,,,,,14,2.78,0,4,21.28,Credit Card,Flash Cab,,,,,,
bafb5907417db2f477f1e4af75a92c7ac5be8e3b,b00759120984728ea8266200305c960814fd8f1e01dd8bc67828759307ec66abeeaabb72d6f807981f752230c14f40d10a9923223187f065b18eb9fa1cb599e3,5/11/2019 22:30:00,5/11/2019 22:30:00,0,0,,,,,32,3,0,0,35,Credit Card,Suburban Dispatch LLC,,,,,,
bafad65803358e6e66421d98b6c35e0c07426e47,c9a81131af74401489b79b4d62c2942f53736c78d781db7567e1950543958032a766c66331d5e9d05d13e242148dcdde675ae463b7f783d04eaf205c83293624,5/7/2019 12:00:00,5/7/2019 12:15:00,421,0.67,,,,,6,2,0,0,8.5,Credit Card,Flash Cab,,,,,,
bafa81dd04029a193c6320d189d713b644e88cca,9afd3e79dd5d303ef63eebf596f7912e2725b3001dd5052d355c3f162bd8ca08fa9db17e1ee7c8e490fb1d9355d725f321707b9536c0488b38a090053ddd68c3,5/2/2019 20:00:00,5/2/2019 20:15:00,180,0.4,,,,,4.5,0,0,1,5.5,Cash,Star North Management LLC,,,,,,
bafc3463e3629bfaa4eb26ba395594a231d80439,fd28ab86c23b450b7ee8cdd7ca28d7ecfd34c8874e47e58647e5024daedc1f1b4d95a35c0d66432d98be762c8659a16c932494f0d8a69f827377d9e18fcf87fb,5/4/2019 13:45:00,5/4/2019 13:45:00,552,1.3,,,,,7.25,0,0,0,7.25,Cash,Chicago Taxicab,,,,,,
baf34026450a4119e300118d5bdec7b0353c140d,c9a81131af74401489b79b4d62c2942f53736c78d781db7567e1950543958032a766c66331d5e9d05d13e242148dcdde675ae463b7f783d04eaf205c83293624,5/27/2019 8:30:00,5/27/2019 8:45:00,331,0.87,,,,,5.75,2,0,0,8.25,Credit Card,Flash Cab,,,,,,
baf81242c84261247946947eb8bb1943973a3ecf,ef249ea2c31ccb20ce9eb258d3116254a6f9fe05c7cc84c055207c5280324dfad3299739b719d7241794eef9c950da3dee20513774182b30f6c7fcc6d4e7fc1e,5/10/2019 16:45:00,5/10/2019 17:00:00,515,1.06,,,,,7,1.05,0,0,8.05,Mobile,Taxi Affiliation Service Yellow,,,,,,
bafe0235fc53fbf72be21776cfae8d7380ccbcb9,d95b99518116b5f943d75828e78c02e668ec6add7d28baf8548752f0e6b263d92e916f0af3caf8ce99349f1b1de1045fee29f713f2634b94371781c5c83d4ba8,5/23/2019 21:15:00,5/23/2019 21:30:00,900,9.7,,,,,25.75,6.05,0,4,35.8,Credit Card,Choice Taxi Association,,,,,,
bb01d7066b4b957da5b9cfd52e55a472cb82525d,da6f829d43ef9293b94c21a502d12c9a48b2a7d7b6a886c937ef80db9f7c8956bd61268962bccb193ed08e9398a09742cff99971c5cf63f321096a51b5c1e5a3,5/6/2019 8:45:00,5/6/2019 8:45:00,517,0.68,,,,,6.25,0,0,0,6.25,Cash,Flash Cab,,,,,,
bafdc878529fa81f76509c17a23bbf76f6985f39,eb7a89d19be898811c37c619c60ca577d03d0fef742f66d96792b7bfa8c4cdfd37cfd0012dce1ea175f6f845aa6557d638b9b569459f9136dbc964acd76f1eac,5/28/2019 7:15:00,5/28/2019 7:30:00,549,9.07,,,,,23.5,0,0,0,23.5,Cash,Flash Cab,,,,,,
bafd34b54e4ebc3fe7f593e0c505166b4a34841f,692320c13d5f7819864fb57797a53cd467452176b95411b54715acf8af840d610799129383a0c79c80b59187f8a02c67b6c3c6fb57eaa6374b16a333cacad503,5/8/2019 22:15:00,5/8/2019 22:30:00,420,1.81,,,,,8,2,0,0,10.5,Credit Card,Nova Taxi Affiliation Llc,,,,,,
baf9ca5b3c2adf9be1f7e337bb25c793f3b8d099,964d179d99b31a4d39ffe0d00da347d492e916870018ac2085c0da86caa777439c46e9a7b5edc4624cc50e49d98cfffc493f0bdd7327d6be4ef890de7226bf4c,5/27/2019 11:00:00,5/27/2019 11:15:00,231,0.7,,,,,5,0,0,0,5,Cash,Checker Taxi Affiliation,,,,,,
bafb66fcdcb4119852a76dc35a531d954bfb575f,81fddd07118f159982e2f195acbec24248f9d82cc2cfdb50bf9ab9017fcb15a13ee3eb93ec5e86ce5e1aeb638002dc4cfe414134ccaa99e7aca2060b606b102b,5/25/2019 16:15:00,5/25/2019 16:15:00,420,3.2,,,,,8.6,0,0,0,8.6,Cash,Taxi Affiliation Services,,,,,,
bafe30d51f64716e9b9129fb0f79a26b3ab1608f,a34197ac89f410cc58ddae8479f237de5369606e4d42bca4a0c55a6feb7e13d2096a9814340c75eb6c75a2a17c8ac8cb43b2a7d59e024097bc5626a9aa1df514,5/2/2019 17:30:00,5/2/2019 17:30:00,300,0.7,,,,,5.5,0,0,0,5.5,Cash,Taxi Affiliation Services,,,,,,
bafb3d3ae2ab0542cce9a36512ff5dfba39c4bb1,9835e5824994bc323cd0b468c62cb3babaa06761a242cd1b0a9940ad0959041869dbbc2590a837f2f34de5bbe0f53ca9d1fe4247b60cc38eeacbb3a81a03bc15,5/8/2019 21:45:00,5/8/2019 22:00:00,789,2.9,,,,,11,1,0,0,12.5,Credit Card,Flash Cab,,,,,,
bafdf75df6c90fcb215054317e30d414a83910d6,bf004d1789b51020a7b09551cf64d42330c8ecb336fa4e5288e15f823c19f9d75b2fdf4726072ef0ffed957ff7fdedd66e508dbd4c5a02b4233c8f65968e1d99,5/8/2019 13:00:00,5/8/2019 13:00:00,537,1.04,,,,,7,1,0,0,8.5,Credit Card,Flash Cab,,,,,,
bb0078f8849139cd2619423cd3e68b454921effa,af771330ba6467d2172d6fbdbcca2a1d90ee0b908f280d65889b683fba276428945a0e11b0a1c9ade9a7a8f2f185e37b1bc6ee904499be0f78180b807cd08db6,5/29/2019 18:30:00,5/29/2019 18:30:00,0,0,,,,,9.25,2,0,0,11.25,Credit Card,Suburban Dispatch LLC,,,,,,
bb049f0ac198b35aed69ec963ef29ee819f34dd5,e69430c4ee145b427e404c260687578c44b24ae772895b07fd3371169506134f80fc42a8c55f6c79657a18cf347e0da8093c81d24beabbeb897e686e3d076998,5/3/2019 22:15:00,5/3/2019 22:15:00,262,1.58,,,,,0.01,0,0,0,0.01,Cash,Flash Cab,,,,,,
bafe36504df05846226d3eb5a7a50b8fa3ebcc0a,3b58b6e6c05297a7feacac9a19e049b714eacfa1d49d4888674d1f390caa23b0768cdc5b06f764e0c18425864eabb2dbb5f3c904e4defe0ff75c099848f3dc82,5/26/2019 10:30:00,5/26/2019 10:30:00,465,1.14,,,,,6.5,0,0,0,6.5,Cash,Flash Cab,,,,,,
bb01d39dc5fe6d7ea05d81ec8d4b80b7956bb1d3,90a7aec2f4f918493e331f2513e028d5e4b9e67f83d68ed4f747ef935c5f843a9090694204ff6d714b2cbc2a4061d843d812d9fe114a9f3e2b27515d644551ce,5/26/2019 23:15:00,5/26/2019 23:30:00,660,2,,,,,8.75,2.8,0,2,13.55,Credit Card,Star North Management LLC,,,,,,
bafec6c3450d4d4b2c262910f4d37363abe0bb49,883e86111c7bebb7bdd41cbcac8ebbcc1172fe7464b90f70d9895dfdb4d03a42140c940b78bf743cf11fbd2d6f073f9b4856327708edb7e482d9ab2092041523,5/22/2019 11:00:00,5/22/2019 11:15:00,290,0.67,,,,,5.25,0,0,0,5.25,Cash,Flash Cab,,,,,,
baf367bd578d681f51b4a0767b74e255d19af766,d46f1838adaa90a600adb08cd4dccefc43096e23448d7b77fec06377c38badf324b914d19dad3ff7f9060b140d88a0fb827f267468437e05eec86e018ea280d7,5/28/2019 17:30:00,5/28/2019 17:30:00,360,0,,,,,6.25,2,0,0,8.25,Credit Card,Star North Management LLC,,,,,,
bafe3bfcd4005445d311ede3c71657b598e9fdca,13805c930c62981c661c5b3bcf8f6b1847b1a0a086a05bbcf8b6aadc8f792225fe338a9b5e5a6811f1118464e152ca51d2b54c1404c668ffc8f4f1d8e9f259c8,5/24/2019 12:00:00,5/24/2019 12:00:00,540,1.8,,,,,8.5,2,0,0,10.5,Credit Card,Top Cab Affiliation,,,,,,
3cdb8ccbb40f463b9d842d157e945df3be91eae4,7a387c4ea03aea6f051c2083737fa232315f8dad35cf3689b8fe913d8fb30ed9d48a9047d540bf8aaeae7d9b46e4995d6eb49edfec7a50c74ab51d508839617a,5/13/2013 9:00:00,5/13/2013 8:15:00,,0,,,,,28.85,5.77,0,0,34.62,Credit Card,Chicago Elite Cab Corp.,,,,,,
bb0399e9d446c0440280a4aaec8653ab62875d47,25b37d641316c0ca5cb44edf8eaf9f012e2495549f60b730eba72e11fc7d772dccffd4c5bdbf0f395e03979d015630ff1eec6bb735355c816f6dbd9212879787,5/8/2019 8:30:00,5/8/2019 8:45:00,960,3.84,,,,,14.25,0,0,0,14.25,Cash,Flash Cab,,,,,,
bb136ae29ec536b05075d8f9f17fa706c0406c9c,a0e344678a8fd21c3c78effdc30c485f4b6a7fbcdb4c4fb8446cbca60c20bf0e4b7a93ecc905e268aa167fa9e6c615f8574897205c27bb5e218178a221f08cfb,5/28/2019 14:00:00,5/28/2019 14:00:00,46,0,,,,,3.25,0,0,0,3.25,Cash,5 Star Taxi,,,,,,
bb11d42a5aa229d31e63e31e05f75f7dbb343a0e,b75e4a5f5666b60eec9f1446230f23270002318dd86ff0d2e0969afddc155fcd5bf394f221e4954373376133f389c74317f7887cbad925effd10a4c722654607,5/17/2019 18:30:00,5/17/2019 18:30:00,360,0,,,,,5.75,0,0,0,5.75,Cash,Star North Management LLC,,,,,,
bb0d325e7b089f373e4afe78a0c4ed49678e4ff9,fe3715c762210bf8125ab6526991e131d98d1daa40884536856f5cdbaa9b73591e3aa901a93194be32030f58773b41592036a6f72344d0f83f2846ddc3fff760,5/6/2019 10:45:00,5/6/2019 10:45:00,360,1.4,,,,,7,2,0,0,9,Credit Card,Star North Management LLC,,,,,,
bb07bbcf51834342c8f92c967f493eb5d2ecc34c,7cfb14f0417008b15eb0c9b5b482bb7ef3a8d2799597ae0c224ce4050a8526e20670e7c60aa2b8dcf5d5b327e2277b85911591b97bf7bbc07a0b1629c7ca6fab,5/12/2019 2:45:00,5/12/2019 2:45:00,185,0.84,,,,,5,2,0,1,8.5,Credit Card,Flash Cab,,,,,,
bb100226909c7a16cf0de278361aea2d0d650c78,259d38cfdbc9ac6f9bb01f0df740e0ddf4a631a70bbdd6525862b20b7ed0e0554dbbde64c2955b8b6f41468c8970e5507490db36348f884461783472621bda08,5/18/2019 10:00:00,5/18/2019 10:15:00,900,3.5,,,,,12.75,3,0,0,15.75,Credit Card,"Taxicab Insurance Agency, LLC",,,,,,
bb1349d78de2156470593b772dff43e49ee4896e,8e1dee1bb2982e545d66f3ef4d9aa3ea2fd10ba41640c3061062792c9839e55c0f435f68b9329623602ecb707941f1a0dee6553c1fc8d46fc95f38de5707ff5f,5/25/2019 10:00:00,5/25/2019 10:00:00,236,0.73,,,,,5.25,0,0,0,5.25,Cash,Flash Cab,,,,,,
bb17c73192004fad915c8cc77bb1ad0fb443217c,63f04d77360d12a3b71ebabb82794a2cc1842a1f5a147cdfc2e32bdcb13b8b2c08024bbfad979af58aec7d7e3757798c04d31de086ad3831a02783bcd90001ee,5/14/2019 21:00:00,5/14/2019 21:15:00,1506,17.92,,,,,44.5,9.8,0,4,58.8,Credit Card,Flash Cab,,,,,,
bb190ea6527af2606662313131f92d8504b81a93,606c0afda95a807ccd4e9fbc33dd6705bc10cdb402ce013392c9c7d2adf1f566bba0ef5b31f0518f593edc179c642b98dea146592d43f4d15475156072792d8a,5/6/2019 14:45:00,5/6/2019 14:45:00,240,0.9,,,,,5.5,2,0,0,7.5,Credit Card,Choice Taxi Association,,,,,,
bb0ba6dce80fb9b5559ece14160243401d2cf000,b80ae259540e156331679aba9b99de7780f65e778826759de1ae53c0782b96cbc773b7131a9f7529ca4c8c10e50d2f77af21edf5a22ca5b2090655138c4911a4,5/23/2019 11:00:00,5/23/2019 11:15:00,720,2.9,,,,,10.5,0,0,0,10.5,Cash,Star North Management LLC,,,,,,
bb0e9b1a98d50a5c959e155fcb5b64b421ca66e3,3a9b3a469a10f36ddefefc31b6929bbd53fc72bd2228dee053966fc882aa8d64c3daadab32c67be5683cf0a3511ef9a05d6825ce3b38c8d113293fda0bc9ecce,5/29/2019 17:45:00,5/29/2019 17:45:00,300,0.6,,,,,5.25,0,0,0,5.25,Cash,Chicago Independents,,,,,,
bb0c39e1bb2034dc96184694c3318fb1e8c4fc01,b584da8428a7c2377188bf309714a2b2f37081876bb14e15adc4e28df615b856e857d01f19dc9e38eb53b95c9ababb8e671073e3e6715f6c580fe8e44901729b,5/11/2019 18:30:00,5/11/2019 18:45:00,809,3.46,,,,,11.75,0,0,0,11.75,Cash,Flash Cab,,,,,,
bb0a23ad3a9b00bdf36714f4de4b08dab2ad5c02,8b029796d5ae302d92128bbc622521ffbaf9be3e8eca78fe8546073d8c7d3c5b054bc2ee004449f04a91766cde0a91e4f86b7ced04bdbc38fd5e06d49efdae69,5/5/2019 17:45:00,5/5/2019 18:30:00,2064,8.8,,,,,24.75,0,0,1,25.75,Cash,City Service,,,,,,
bb14547fde671051966ad2e5d63447a10ba0d787,eb7a89d19be898811c37c619c60ca577d03d0fef742f66d96792b7bfa8c4cdfd37cfd0012dce1ea175f6f845aa6557d638b9b569459f9136dbc964acd76f1eac,5/16/2019 7:00:00,5/16/2019 7:00:00,447,3.43,,,,,11.5,0,0,0,11.5,Cash,Flash Cab,,,,,,
bb0c51c6f6fb81b2136f31ac1f4adae077f44961,f58ad8a864f5e4a9aece14dbb6715c6442a70999935fc527d0496361fa9beb84d562a301cb266f8c69c00792a6f76771eb04e4972747bfe49545eb9f294de8dc,5/8/2019 18:45:00,5/8/2019 18:45:00,0,0,,,,,8.5,2,0,0,10.5,Credit Card,Suburban Dispatch LLC,,,,,,
bb17280817bf953635430632bb55bb55bb1436a5,020bfc7f202c576d9fe5f9f3c13e95e7752254ca4f16084b253bb69e8dcc1902cef37b71d192203c18dc62765767404d320236e93413aeb3aa7edf6f9180cadf,5/6/2019 17:30:00,5/6/2019 17:45:00,1080,2.4,,,,,11.25,0,0,0,11.25,Cash,Taxi Affiliation Services,,,,,,
bb1098527ada4ec14e42ead9950f56dae98938c6,d645a947dabd328acad2dd5987f9714e3a79807204ce1faa919522113acdee6fe3cac687a6cb4ea47bf274bf4a97d9e856b764eac06198e3054b7ea63b2e5d84,5/5/2019 19:15:00,5/5/2019 20:00:00,2580,17.9,,,,,44.25,0,0,5,49.25,Credit Card,Star North Management LLC,,,,,,
bb13f8f31a863580b17399bbeab804032d75adf4,cce8c54f19d692acc5dd45d391a8bb964d15af67f314d1ac81e0597f105a70ad12935afa9487766eef90a6f8f0f3d09e6a8877e99b01d21035a05b4a16e985c4,5/3/2019 1:15:00,5/3/2019 1:45:00,2040,22.7,,,,,55,0,0,8,63,Cash,Taxi Affiliation Services,,,,,,
bb084bcb243eab86fcb58a682ea4675dcabdbd3d,ba558b1ba4aaa7182c04a00bfc27c8b114f3d6a0cdb12a2745a23998df3d7a9d3ff90cc3b0bceddfecc3d289919fe707c4608de4a0d86b473b7fec1e3035fe53,5/3/2019 15:30:00,5/3/2019 15:30:00,0,0,17031828300,17031828300,,,2,0,0,0,2,Cash,Taxi Affiliation Services,,,,,,
bb0874e5c4da879a6e82119b54c040b87c2881fa,8a7a9d350d752cd6d0d4d8581a0525d3a6e34c8aeb868dbe83b20840b12a68084bc6ba1818b1bccb5b77b1f49252fc1c4ef5ef1f3dd02b5bd83e1742ae004864,5/21/2019 9:00:00,5/21/2019 9:00:00,300,0.8,,,,,5.75,1,0,0,6.75,Credit Card,Star North Management LLC,,,,,,
bb121f26a85f09d9303aebf6463b177a7fe8148b,9077249de291bdcb3f9f87f79fe7c757933908fc76f93f4044e3584c43b3c4ed74abbc8fb02b1930505411c948cd1c3b019114c9575d29815c5d1601b0058ab5,5/29/2019 18:15:00,5/29/2019 18:30:00,420,0,,,,,5.75,0,0,0,5.75,Cash,Blue Ribbon Taxi Association Inc.,,,,,,
bb0bc9999684500c4250cb0b076ffbe60bb25372,6ce54b25abf5719ad4c5091c70fb06e4471b33ac51204b49d59cc5dcce2c02c34b47333b77778cf5a8498e4bc84fed26aab02b86661735fba0f7edc93c76ddf7,5/18/2019 2:15:00,5/18/2019 2:15:00,0,0,,,,,3.25,0,0,0,3.25,Cash,Choice Taxi Association,,,,,,
bb1056aea2765f091e0699bdc7e4d69bf03c8324,45660b34deeab21b9a6db21b9b77b19eef90236c65683e908e7b59b533cb659a4edeae70e379096d447d02bfd9ad468b031a10f59e48fab6644baaa28fb91c82,5/10/2019 11:15:00,5/10/2019 11:15:00,180,0.6,,,,,5,2,0,0,7,Credit Card,Chicago Medallion Management,,,,,,
bb144f90f5f5233c34685272d21bb8b8d063c2a8,fc3e6a7b3c32c510f2cc976ac8b69a4cafa0d75a94f1e03fa483ac78a7936347600a837a43124a61bbd3af10bf38ec79d7610467be6b9cc2c0034b9fd73d9a28,5/21/2019 5:30:00,5/21/2019 5:45:00,318,0.66,,,,,5.5,0,0,0,5.5,Cash,Flash Cab,,,,,,
bb12de831d1388e4414c43657e1ace837e1450ca,ef249ea2c31ccb20ce9eb258d3116254a6f9fe05c7cc84c055207c5280324dfad3299739b719d7241794eef9c950da3dee20513774182b30f6c7fcc6d4e7fc1e,5/10/2019 10:00:00,5/10/2019 10:15:00,382,0.91,,,,,6,0,0,0,6,Prcard,Taxi Affiliation Service Yellow,,,,,,
bb121f576a55cf45c32d470806d274b8ad9dcced,746d6a7a44c2d97606216ff513d227443a5fa5cc72b747ffa30756c6aced956f9fedcca236b4d788c982c886889947f35cef4943d948045f8f91aa7f1b176283,5/8/2019 14:15:00,5/8/2019 14:30:00,840,2.2,,,,,13.25,2.95,0,1,17.7,Credit Card,Checker Taxi Affiliation,,,,,,
bb0cc65c025c75661df8b7c74792517f4bcdebb3,fcd436bde368265a17dcf67549e607f866e811e3b0bef4dc38894d907bcb66fb6eb234d9669ec580d34cadab0dcc7451551131bb38e351d0c85186bf420dcc54,5/5/2019 15:30:00,5/5/2019 15:45:00,1197,8.1,,,,,21.75,0,0,4,25.75,Cash,Chicago Independents,,,,,,
bb0c6d0f4a66af113b5a64d599c6a566b8d6116e,dae02605eae3567faac3548acc8480606cad8d08fac7bc3c2d1b1076e32f16e769fcf296968d89f1d474327b4ce451acfbdecae0bbf9904e2c135d0ba9989781,5/29/2019 15:30:00,5/29/2019 16:15:00,3201,17.38,,,,,44,12.12,0,4,60.62,Credit Card,Flash Cab,,,,,,
bb0e7d78d469b20b40a3af681992e604669f4fcf,9400757c30cc4592f54bcd4d10f8cb2a5db5bd507f285fd365de4e15488c0949522b140dddf750a438bba104b1d5a04129d8c9c9a0fc0e4690b582d5a51390f8,5/12/2019 0:15:00,5/12/2019 0:15:00,458,1.09,,,,,6.5,0,0,1,7.5,Cash,Flash Cab,,,,,,
bb08c2370cc0140690fa719046f36e70733cbdba,7e1823441ac9ce79eb3ee2d1179bbffb798f9d765594c75a18cbb6b7135d766c71b4dce1052baf145e269de742144b995309020a0d90a4832ab685a5be901d0d,5/13/2019 20:45:00,5/13/2019 21:00:00,360,1.4,,,,,7,2,0,0,9.5,Credit Card,City Service,,,,,,
bb234952472057955606c5dd1d77a89c52e35d7f,2aae2633044e6bb278458fd9496d6ceb42b42983f0246234c2208ae1614a8631f23d0d12d761a2878253e08da5050718caea3c76c69a2bd04734f1917cfb12e1,5/11/2019 19:15:00,5/11/2019 19:45:00,1800,5.4,,,,,19.75,3.95,0,0,23.7,Credit Card,Choice Taxi Association,,,,,,
bb298d7a6ef10144cc625117f2ab1100176f4c86,ca885a78545e9a44a5f365164cfbaca32fee95082b0d4fa2ba16bc1f922af64699ba9b21d89a5e47c83bf00bbcc5f7717d3ed7189224635cbb265ea955c1b76a,5/25/2019 21:00:00,5/25/2019 21:00:00,300,0.9,,,,,5.5,1,0,1,7.5,Credit Card,Star North Management LLC,,,,,,
bb2680c586f70077fcf06a1fd7dfb198e6b2a79b,5cffb97a6fd517bd5bc14f2d55ded4698066eb285e8c0234d27f2539212b3732e8c43290d848a8a381934266de9f681f38cb9c40abd39ce41a45c34321eb9eb8,5/15/2019 18:45:00,5/15/2019 19:30:00,2200,23.96,,,,,95,0,0,0,95,Cash,Flash Cab,,,,,,
bb27f7c77c81fc172ba5f8e41afacea02975905d,1a7e54ee086a9a27a3b8eb211ceb236233b7e693f53b40501d29ce8d9c5305dde268f706853e6b2132cc3b0ef3716bd467268acbc9ee052f1fa3e4ac845da86e,5/13/2019 16:30:00,5/13/2019 16:30:00,0,0,,,,,3.25,0,0,0,3.25,Cash,Chicago Independents,,,,,,
bb2d524b11289b449fd9fe39fcacb8eb2dfc39b9,ff1ec5f225c61b8571b696da1925a48c61033b8fc349f2c37a320131b504369b5e6b82bcc75b60659757caf7bd02685b6e0d15d77c24fc8cd783845a1bb7f0bd,5/29/2019 13:30:00,5/29/2019 14:15:00,1920,12.6,,,,,34.75,0,0,4,38.75,Cash,Chicago Independents,,,,,,
bb294c44ce548f836c529998938861e2900fe987,9f1c2e25f58f9c322242463d690275a577361ecbed5f0619f7ed3b802abb400959ac9adeeeacddebdb57b96cded7d8402d535f9efe6b042226ace0e72e063ce8,5/28/2019 9:45:00,5/28/2019 9:45:00,60,0,,,,,3.5,20.7,0,99.5,123.7,Credit Card,Taxi Affiliation Services,,,,,,
bb2b1b5d5b8e5350cdd9629b0f326ca53c03fdf5,21c5d83c2cb73035c6c4d35da452ff1714aff86f5efb32abc6317cc82f6e1e802751eb0b9718b3f84242f8c58aa3d27ab110425ae2e38781b45a5a4419949b97,5/9/2019 21:15:00,5/9/2019 22:15:00,2760,15.8,,,,,41.5,9.05,0,4,54.55,Credit Card,Choice Taxi Association,,,,,,
bb2b9fdbb4240a360c3369fc484c7ae9c87d8d3a,68b1dbcd1b4b3cc1b45547ae53d83546eafb067ccb651d3d1a9abedf1ee70659bd02eb7675b78f9ad4e2da4c59c3c306d812ed7516435908d2c3fdc0e73cc424,5/17/2019 16:00:00,5/17/2019 17:15:00,4028,18.89,,,,,49,12.38,0,0,61.88,Credit Card,Flash Cab,,,,,,
bb2c7c3cc9bbd15207f1086e8224b609e99caf4e,b56180697729644b75ef52d54179a56a0ba335f447eb7f3278de80670e5ec306aaaa19604e471fe841daf577bca51f0cdc5d06c6e3394a4da8bf1308596803d6,5/4/2019 21:45:00,5/4/2019 21:45:00,139,0.15,,,,,3.75,2,0,0,6.25,Credit Card,Flash Cab,,,,,,
d2a13de1c57310e3b6f9440f1c2b6f5f31aa9a2d,9f83e89b2ea5881d686f05c0fcd5ffc20ab85a6e6e83c55dad199c279343c934c37ff0779d6f71ae6a9ddbe0da0b9efac17f57c62529102e45a7217994630daa,5/9/2013 19:30:00,5/9/2013 19:30:00,,0,,,,,17.65,4.41,0,0,22.06,No Charge,Chicago Elite Cab Corp.,,,,,,
bb2ae8a95dfb67d197589621a602ba0e67ba00f3,77b0baaf4e271f6fadb2eaf15ab5febbf97450e2a9b47e0d55bfd80d561cf56753c4d7ff89ab0b7d9da5d6c19609d8d43132e67ebc2c2f30d77e4aa25c6bf8e1,5/19/2019 19:00:00,5/19/2019 19:15:00,712,1.1,,,,,8,0,0,0,8.5,Credit Card,City Service,,,,,,
bb212fe5bb9d4a577b58da4f2d21316fa91c818f,7e1823441ac9ce79eb3ee2d1179bbffb798f9d765594c75a18cbb6b7135d766c71b4dce1052baf145e269de742144b995309020a0d90a4832ab685a5be901d0d,5/3/2019 13:00:00,5/3/2019 13:00:00,840,2,,,,,9.5,0,0,0,9.5,Cash,City Service,,,,,,
bb2b0e754a42c18c15257fb28e5d240740bd654b,2c3d2f8abbb58639c976276b8ed08d10f3b45c7fc85c4a357252d3f83af0c6baa23d5de63911bcc0dce0a25331b9026ebb28049588390a0b82912e50d60d4744,5/23/2019 8:15:00,5/23/2019 8:15:00,0,0,,,,,2,0,0,0,2,Cash,Taxi Affiliation Services,,,,,,
bb1ff84c605b9871b65228e8be3ffa12fc3fc688,d83d1523e82a2b83efed6f257fccd32160112e29e2f856eccd61c7a41bb6ed4a506de489e7b25511dc4b27e690f6da1aec20e6617ddd63e4067bd06154ea50f4,5/18/2019 15:30:00,5/18/2019 16:45:00,4396,17.05,,,,,46,5,0,4,55.5,Credit Card,Flash Cab,,,,,,
bb1a98f535704c0906c07eb5a4587a1f393cdf97,1aa3449094125b4b7fd178df05e0abde0e191878670ec9e378602641b67cdeb93946e84aab491cd4ab8646124c8beb9f6261c4966a59aede046be4fb7c1679d9,5/8/2019 11:15:00,5/8/2019 11:15:00,480,2.2,,,,,8.2,0,0,0,8.2,Cash,Taxi Affiliation Services,,,,,,
bb1a8b45ea0ba7d6c9514f0c22afbf2159aa5db3,5d58f628a7d8340722380e52d042fb43ba69ae9e42559ffcfa754703a6b87c0657d99dea71548b0b26976cc6920848eae73db0e15e3a8146ce9941128c6f0ae0,5/17/2019 10:00:00,5/17/2019 10:15:00,833,1.49,,,,,8.75,2,0,0,11.25,Credit Card,Flash Cab,,,,,,
bb2b625db0b508002a9ad77f2c983aab95bd8bb3,daf8deaaea2fde5ff10cb5839ed965f872c953bb75579cec1fc4a59756e7ca056986096f6423a01299c4e17117f7ad78e0c710b671f2ac57398a04c78ad2af62,5/24/2019 7:45:00,5/24/2019 7:45:00,480,0,,,,,10.2,0,0,0,10.2,Cash,Taxi Affiliation Services,,,,,,
bb27be403f35a84aad132029dc8ead1147e616dd,4030b29dd1ab83d0c992425e312f2f93405cfc7d07f8888c63f24372c957102285d867adb5654b0271719ab1854bd31951dbdd9293fd7ad1cbe39f41d39d115d,5/1/2019 7:45:00,5/1/2019 7:45:00,139,0.46,,,,,4.5,0,0,0,4.5,Cash,Flash Cab,,,,,,
bb20cf19704809d2bbe9e2ba6b718faacc5b2192,7a387c4ea03aea6f051c2083737fa232315f8dad35cf3689b8fe913d8fb30ed9d48a9047d540bf8aaeae7d9b46e4995d6eb49edfec7a50c74ab51d508839617a,5/7/2019 10:00:00,5/7/2019 10:15:00,796,1.97,,,,,9.25,0,0,0,9.25,Cash,Chicago Carriage Cab Corp,,,,,,
bb1ff8c09c1c67717be59f7aa2dae6b639c3cfff,5648d53206ccad62bbe17e3d36016271b55c5b23916cc0f073ac77fec98aee6960d68adfaf0bb0c47c138a6f16cb14a6ff530083f8513b608b2de1aa127e03c9,5/6/2019 7:30:00,5/6/2019 7:45:00,724,2.16,,,,,10,2,0,0,12.5,Credit Card,Flash Cab,,,,,,
377dc5b65d5755502750594bb9ec189825d04892,bc709a696db40a46144faa530198a65442402f42513ee44c63cc9bd1e83cadb1ef6d04b8d09bdbef85cf4b72236deff5644913be7e313a694821ce08545564bb,5/4/2013 4:15:00,5/4/2013 4:30:00,480,1.7,,,,,7.25,0,0,0,7.25,Cash,Northwest Management LLC,,,,,,
bb28fdc5c61468e30a55f03897e926edbf8571d5,81d652b4d1a83430b2ecbdd8f126b135f9f37b6115b7a51aabeb72edfa7fda22ace947a09e70ddd35edb5cb1bd1d7a8f25041e696029dc33f701f98e85de0e23,5/27/2019 8:00:00,5/27/2019 8:15:00,268,0.7,,,,,5.25,0,0,0,5.25,Cash,Taxi Affiliation Service Yellow,,,,,,
bb238c4e9f8b4d89115744286c657834d8cedb23,6b2e86b17a06810ee901afbee6db0769fb3dab96b2816d95a5bbb6ecabb5a5b0bdae764917164ba81ca27d3a096e65321c368dd2665a36cc6a0c75160e8fb8a7,5/11/2019 10:15:00,5/11/2019 10:15:00,12,0.02,,,,,4,0,0,0,4,Cash,Flash Cab,,,,,,
bb23caae3244ac770d7285fa9962e73acb3763d7,f3161de24ef5c0a540569aea33d24ab0cab8d0f562bff777607ca8bcff9822a9b66ec17c08e9874774abe1f8912270a7e0765f54cf5970d076af38d0ff9a019e,5/17/2019 2:30:00,5/17/2019 2:30:00,0,0,,,,,130,0,0,0,130,Credit Card,Taxi Affiliation Services,,,,,,
bb1d2195cb89fcb862e820a286554614be65351e,1ea07d32f4c083a6055f21ead2ca1acad6f1dd6d39c52d75f96c620ce7a686120a0340b6fce6a93419d08dbbd95ea044021f52166f5fe05b4038955291ceeeef,5/10/2019 21:15:00,5/10/2019 21:30:00,480,1,,,,,6.25,1,0,0,7.25,Credit Card,"Taxicab Insurance Agency, LLC",,,,,,
bb2523089dbf4440d494580f76be1c3b26567eb4,4de82fc17cb23f745931085fbbb3b4f920550cda576979980750b7b4cd8e4b315d327ce76a9e599a4085e7f87b6bcb35b5159a72e90f161e56dea4af76180b5d,5/1/2019 16:00:00,5/1/2019 16:15:00,660,1.1,,,,,7.75,0,0,0,7.75,Cash,Star North Management LLC,,,,,,
bb347598c303ce5664f9a2f3d79c008e3affb98b,8f19a458e8774fb78d80233ea8a9e74f797282eb5869d96d88e55f15f319dfbfe42d5d55cf8d8c407fb09c87552de02779ba908c9cfff8f58a2fff5056a1d5bb,5/13/2019 8:15:00,5/13/2019 8:30:00,493,0.86,,,,,6.5,0,0,0,6.5,Cash,Flash Cab,,,,,,
bb2dfacce92918f8f85c8ad64029a1fda3e255a5,d651380c76d136dff3d8f30a44f5f5b017dbe925676ba6133da4d43ba89a25b6caab2f304a5058c3512a255846e829f7823b73e0acc882861068de3ecf325f4f,5/23/2019 14:00:00,5/23/2019 14:00:00,405,0.87,,,,,6.25,0,0,0,6.25,Cash,Flash Cab,,,,,,
bb366f7d2a415c9d7d27ac8ba9905d7a1ab6d7d8,cc7b5a6d5611e56d2bd3a5f5538bfffc47bf2f1d8691dea0c2405e2ac17a107ad9ed04c45ace5e7c15f96d77d27a1d07c4cc14485d5983ff097ca46706c5aa3a,5/24/2019 22:30:00,5/24/2019 22:45:00,480,2.2,,,,,7.2,0,0,0,7.2,Cash,Taxi Affiliation Services,,,,,,
bb304f502932566c5de1da3be3a8b4e012a245b9,b75e4a5f5666b60eec9f1446230f23270002318dd86ff0d2e0969afddc155fcd5bf394f221e4954373376133f389c74317f7887cbad925effd10a4c722654607,5/10/2019 9:00:00,5/10/2019 9:15:00,420,1.1,,,,,6.5,3,0,0,9.5,Credit Card,Star North Management LLC,,,,,,